source,query,name,brand,sku,price_sale,price_regular,unit_label,unit_price,url,image,category,scraped_at
mayrand,onsale,Craquelins canapé nature 150 g,Dare,00824,1.99,3.99,unité (150G),,https://mayrand.ca/fr/nos-produits/epicerie/biscuit-et-craquelin/craquelin-et-biscotte/craquelins-grissol-canape-nature-dare-00824,https://341647818.fs1.hubspotusercontent-na3.net/hubfs/341647818/CatalogProductImages/fr/00824/image-1.jpg,,2026-01-01T04:19:19.039Z
mayrand,onsale,Bacon régulier 500 g,Prince,00972,4.99,7.59,unité (500g),,https://mayrand.ca/fr/nos-produits/charcuterie/bacon-et-pancetta/bacon-regulier-prince-00972,https://341647818.fs1.hubspotusercontent-na3.net/hubfs/341647818/CatalogProductImages/fr/00972/image-1.jpg,,2026-01-01T04:19:19.040Z
mayrand,onsale,Bonbon gélatine Gummi Party 320 g,Brands,01128,3.99,6.99,unité (1x320g),,https://mayrand.ca/fr/nos-produits/epicerie/confiserie/bonbon/bonbon-gelatine-gummi-party-01128,https://341647818.fs1.hubspotusercontent-na3.net/hubfs/341647818/CatalogProductImages/%C3%89picerie/01128%20Bonbon%20g%C3%A9latine%20Gummi%20Party%20Brands.png,,2026-01-01T04:19:19.040Z
mayrand,onsale,Flèche de bacon à l'ancienne 3 kg,Roch,01334,17.99,53.97,unité (3 4x±3kg),,https://mayrand.ca/fr/nos-produits/charcuterie/bacon-et-pancetta/fleche-de-bacon-a-lancienne-roch-01334,https://341647818.fs1.hubspotusercontent-na3.net/hubfs/341647818/CatalogProductImages/fr/01334/image-1.jpg,,2026-01-01T04:19:19.040Z
mayrand,onsale,Craquelins bouchées originaux 200 g,Dare,01371,1.99,3.99,unité (200g),,https://mayrand.ca/fr/nos-produits/epicerie/biscuit-et-craquelin/craquelin-et-biscotte/craquelins-breton-bouchees-original-dare-01371,https://341647818.fs1.hubspotusercontent-na3.net/hubfs/341647818/CatalogProductImages/fr/01371/image-1.png,,2026-01-01T04:19:19.040Z
mayrand,onsale,Craquelins aux légumes sel de mer,Dare,01373,1.99,3.99,unité (1x100g),,https://mayrand.ca/fr/nos-produits/epicerie/biscuit-et-craquelin/craquelin-et-biscotte/craquelins-crisp-legumes-sel-de-mer-dare-01373,https://341647818.fs1.hubspotusercontent-na3.net/hubfs/341647818/CatalogProductImages/fr/01373/image-1.jpg,,2026-01-01T04:19:19.040Z
mayrand,onsale,Craquelins aux légumes ranch mordant 100 g,Dare,01374,1.99,3.99,unité (1x100g),,https://mayrand.ca/fr/nos-produits/epicerie/biscuit-et-craquelin/craquelin-et-biscotte/craquelins-crisp-legumes-ranch-mordant-dare-01374,https://341647818.fs1.hubspotusercontent-na3.net/hubfs/341647818/CatalogProductImages/fr/01374/image-1.png,,2026-01-01T04:19:19.040Z
mayrand,onsale,Simili poulet tranché 400 g,Mayrand CHEF,01689,6.49,6.99,unité (1x400g),,https://mayrand.ca/fr/nos-produits/charcuterie/bologne/simili-poulet-tranche-mayrand-chef-01689,https://341647818.fs1.hubspotusercontent-na3.net/hubfs/341647818/CatalogProductImages/fr/01689/image-1.jpg,,2026-01-01T04:19:19.040Z
mayrand,onsale,Panettone classique,Valentino,01840,17.99,23.99,unité (1x1kg),,https://mayrand.ca/fr/nos-produits/epicerie/panettone/panettone-classique-01840,https://341647818.fs1.hubspotusercontent-na3.net/hubfs/341647818/raw_assets/public/MAYRAND-P3-CHILD-THEME/images/icons-modules/placeHolderProduct.png,,2026-01-01T04:19:19.040Z
mayrand,onsale,Panettone aux amandes,Valentino,01841,17.99,23.99,unité (1x1kg),,https://mayrand.ca/fr/nos-produits/epicerie/panettone/panettone-aux-amandes-01841,https://341647818.fs1.hubspotusercontent-na3.net/hubfs/341647818/raw_assets/public/MAYRAND-P3-CHILD-THEME/images/icons-modules/placeHolderProduct.png,,2026-01-01T04:19:19.040Z
mayrand,onsale,Panettone chocolat noir et poire 1 kg,Valentino,01843,17.99,23.99,unité (1x1kg),,https://mayrand.ca/fr/nos-produits/epicerie/panettone/panettone-chocolat-noir-et-poire-valentino-01843,https://341647818.fs1.hubspotusercontent-na3.net/hubfs/341647818/CatalogProductImages/fr/01843/image-1.jpg,,2026-01-01T04:19:19.040Z
mayrand,onsale,Panettone chocolat et cerise 1 kg,Valentino,01844,17.99,23.99,unité (1x1kg),,https://mayrand.ca/fr/nos-produits/epicerie/panettone/panettone-chocolat-et-cerise-valentino-01844,https://341647818.fs1.hubspotusercontent-na3.net/hubfs/341647818/CatalogProductImages/fr/01844/image-1.jpg,,2026-01-01T04:19:19.040Z
mayrand,onsale,Panettone raisin et crème de merlot,Valentino,01845,17.99,23.99,unité (1x1kg),,https://mayrand.ca/fr/nos-produits/epicerie/panettone/panettone-raisin-et-creme-de-merlot-01845,https://341647818.fs1.hubspotusercontent-na3.net/hubfs/341647818/raw_assets/public/MAYRAND-P3-CHILD-THEME/images/icons-modules/placeHolderProduct.png,,2026-01-01T04:19:19.040Z
mayrand,onsale,Nappe en lin Julia 52'' x 70'',Arco,01992,10.19,11.99,unité (1x1un),,https://mayrand.ca/fr/nos-produits/article-de-cuisine/serviette-et-nappe/nappe/nappe-lin-julia-52x70-arco-01992,https://341647818.fs1.hubspotusercontent-na3.net/hubfs/341647818/CatalogProductImages/fr/01992/image-1.jpg,,2026-01-01T04:19:19.040Z
mayrand,onsale,Nappe en lin Julia 60'' x 84'',Arco,01993,11.89,13.99,unité (1x1un),,https://mayrand.ca/fr/nos-produits/article-de-cuisine/serviette-et-nappe/nappe/nappe-lin-julia-60x84-arco-01993,https://341647818.fs1.hubspotusercontent-na3.net/hubfs/341647818/CatalogProductImages/fr/01993/image-1.jpg,,2026-01-01T04:19:19.040Z
mayrand,onsale,Nappe en lin Julia 60'' x 104'',Arco,01997,14.44,16.99,unité (1un),,https://mayrand.ca/fr/nos-produits/article-de-cuisine/serviette-et-nappe/nappe/nappe-lin-julia-60x104-arco-01997,https://341647818.fs1.hubspotusercontent-na3.net/hubfs/341647818/CatalogProductImages/fr/01997/image-1.jpg,,2026-01-01T04:19:19.040Z
mayrand,onsale,Nappe en lin Julia 60'' x 120'',Arco,01999,16.99,19.99,unité (1un),,https://mayrand.ca/fr/nos-produits/article-de-cuisine/serviette-et-nappe/nappe/nappe-lin-julia-60x120-arco-01999,https://341647818.fs1.hubspotusercontent-na3.net/hubfs/341647818/CatalogProductImages/fr/01999/image-1.jpg,,2026-01-01T04:19:19.040Z
mayrand,onsale,"Nappe en lin ronde Julia 70""",Arco,02001,11.89,13.99,unité (1un),,https://mayrand.ca/fr/nos-produits/article-de-cuisine/serviette-et-nappe/nappe/nappe-lin-ronde-julia-70-arco-02001,https://341647818.fs1.hubspotusercontent-na3.net/hubfs/341647818/CatalogProductImages/fr/02001/image-1.jpg,,2026-01-01T04:19:19.040Z
mayrand,onsale,Gâteau aux fruits pâte foncée avec pacanes,Grant's,02111,12.99,16.59,unité (1x500g),,https://mayrand.ca/fr/nos-produits/boulangerie/gateau/gateau-aux-fruits-pate-foncee-avec-pacanes-02111,https://341647818.fs1.hubspotusercontent-na3.net/hubfs/341647818/raw_assets/public/MAYRAND-P3-CHILD-THEME/images/icons-modules/placeHolderProduct.png,,2026-01-01T04:19:19.040Z
mayrand,onsale,Biscuits gâterie des fêtes 350 g,Voortman,02117,3.99,5.49,unité (350g),,https://mayrand.ca/fr/nos-produits/epicerie/biscuit-et-craquelin/biscuit-et-gateau/biscuits-gaterie-des-fetes-voortman-02117,https://341647818.fs1.hubspotusercontent-na3.net/hubfs/341647818/CatalogProductImages/fr/02117/image-1.jpg,,2026-01-01T04:19:19.040Z
mayrand,onsale,Bûche au sucre à la crème et érable 615 g,Martin Dessert,02211,16.99,21.99,unité (615g),,https://mayrand.ca/fr/nos-produits/surgele/patisserie-surgelee/gateau-et-tarte-surgeles/buche-au-sucre-a-la-creme-et-erable-martin-dessert-02211,https://341647818.fs1.hubspotusercontent-na3.net/hubfs/341647818/CatalogProductImages/fr/02211/image-1.jpg,,2026-01-01T04:19:19.040Z
mayrand,onsale,Bûche roulée aux trois chocolats 720 g,Martin Dessert,02213,16.99,21.99,unité (720g),,https://mayrand.ca/fr/nos-produits/surgele/patisserie-surgelee/gateau-et-tarte-surgeles/buche-roulee-aux-trois-chocolats-martin-dessert-02213,https://341647818.fs1.hubspotusercontent-na3.net/hubfs/341647818/CatalogProductImages/fr/02213/image-1.jpg,,2026-01-01T04:19:19.040Z
mayrand,onsale,"Assiette plastique blanc bande argent 7,5'' x10",Party Couture,02334,3.19,3.99,unité (10un),,https://mayrand.ca/fr/nos-produits/emballage/vaisselle-jetable/assiette-jetable/assiette-ronde-7.5-blanc-avec-bande-argent-party-couture-02334,https://341647818.fs1.hubspotusercontent-na3.net/hubfs/341647818/CatalogProductImages/fr/02334/image-1.jpg,,2026-01-01T04:19:19.040Z
mayrand,onsale,"Assiette plastique blanc bande or 7,5"" x10",Party Couture,02335,3.19,3.99,unité (10un),,https://mayrand.ca/fr/nos-produits/emballage/vaisselle-jetable/assiette-jetable/assiette-ronde-7.5-blanc-avec-bande-or-party-couture-02335,https://341647818.fs1.hubspotusercontent-na3.net/hubfs/341647818/CatalogProductImages/fr/02335/image-1.jpg,,2026-01-01T04:19:19.040Z
mayrand,onsale,"Assiette plastique translucide bande or 7,5"" x10",Party Couture,02340,3.19,3.99,unité (10un),,https://mayrand.ca/fr/nos-produits/emballage/vaisselle-jetable/assiette-jetable/assiette-ronde-7.5-clair-bande-or-party-couture-02340,https://341647818.fs1.hubspotusercontent-na3.net/hubfs/341647818/CatalogProductImages/fr/02340/image-1.jpg,,2026-01-01T04:19:19.040Z
mayrand,onsale,"Assiette plastique blanc bande or carrée 7,5 x10",Party Couture,02346,3.19,3.99,unité (10un),,https://mayrand.ca/fr/nos-produits/emballage/vaisselle-jetable/assiette-jetable/assiette-carree-7.5-blanc-avec-bande-or-party-couture-02346,https://341647818.fs1.hubspotusercontent-na3.net/hubfs/341647818/CatalogProductImages/fr/02346/image-1.jpg,,2026-01-01T04:19:19.040Z
mayrand,onsale,Bol translucide bande dorée 12 on 10 un,Party Couture,02352,4.79,5.99,unité (10un),,https://mayrand.ca/fr/nos-produits/emballage/contenant-jetable/contenant-plastique/bol-carre-12oz-blanc-avec-bande-or-party-couture-02352,https://341647818.fs1.hubspotusercontent-na3.net/hubfs/341647818/CatalogProductImages/fr/02352/image-1.jpg,,2026-01-01T04:19:19.040Z
mayrand,onsale,"Assiette plastique blanc bande or 10,25'' x10",Party Couture,02358,6.38,7.98,unité (10un),,https://mayrand.ca/fr/nos-produits/emballage/vaisselle-jetable/assiette-jetable/assiette-ronde-10.25-blanc-avec-bande-or-party-couture-02358,https://341647818.fs1.hubspotusercontent-na3.net/hubfs/341647818/CatalogProductImages/fr/02358/image-1.jpg,,2026-01-01T04:19:19.040Z
mayrand,onsale,"Assiette plastique blanc bande fleur or 10,25"" x10",Party Couture,02362,6.38,7.98,unité (10un),,https://mayrand.ca/fr/nos-produits/emballage/vaisselle-jetable/assiette-jetable/assiette-ronde-10.25-blanc-avec-fleur-or-party-couture-02362,https://341647818.fs1.hubspotusercontent-na3.net/hubfs/341647818/CatalogProductImages/fr/02362/image-1.jpg,,2026-01-01T04:19:19.040Z
mayrand,onsale,"Assiette plastique translucide bande or 10,25"" x10",Party Couture,02366,6.38,7.98,unité (10un),,https://mayrand.ca/fr/nos-produits/emballage/vaisselle-jetable/assiette-jetable/assiette-ronde-10.25-clair-avec-bande-or-party-couture-02366,https://341647818.fs1.hubspotusercontent-na3.net/hubfs/341647818/CatalogProductImages/fr/02366/image-1.jpg,,2026-01-01T04:19:19.040Z
mayrand,onsale,Café grain espresso bar 908 g,Hortus,02442,23.99,28.49,unité (1x908g),,https://mayrand.ca/fr/nos-produits/boisson/cafe-the-et-chocolat/cafe-en-grain/cafe-grain-espresso-bar-hortus-02442,https://341647818.fs1.hubspotusercontent-na3.net/hubfs/341647818/CatalogProductImages/fr/02442/image-1.jpg,,2026-01-01T04:19:19.040Z
mayrand,onsale,Café grain colombien excelso brun,Hortus,02452,20.99,25.49,unité (1x908g),,https://mayrand.ca/fr/nos-produits/boisson/cafe-the-et-chocolat/cafe-en-grain/cafe-grain-colombien-excelso-brun-02452,https://341647818.fs1.hubspotusercontent-na3.net/hubfs/341647818/raw_assets/public/MAYRAND-P3-CHILD-THEME/images/icons-modules/placeHolderProduct.png,,2026-01-01T04:19:19.040Z
mayrand,onsale,Biscuit collation pépites de chocolat 250 g,Dare,02558,1.99,2.49,unité (250g),,https://mayrand.ca/fr/nos-produits/epicerie/biscuit-et-craquelin/biscuit-et-gateau/biscuits-collation-pepites-de-chocolat-dare-02558,https://341647818.fs1.hubspotusercontent-na3.net/hubfs/341647818/CatalogProductImages/fr/02558/image-1.jpg,,2026-01-01T04:19:27.395Z
mayrand,onsale,Craquelins original 200g,Dare,02561,1.99,3.99,unité (200g),,https://mayrand.ca/fr/nos-produits/epicerie/biscuit-et-craquelin/craquelin-et-biscotte/craquelins-breton-original-dare-02561,https://341647818.fs1.hubspotusercontent-na3.net/hubfs/341647818/CatalogProductImages/fr/02561/image-1.jpg,,2026-01-01T04:19:27.395Z
mayrand,onsale,Craquelins légumes du jardin 200g,Dare,02562,1.99,3.99,unité (200g),,https://mayrand.ca/fr/nos-produits/epicerie/biscuit-et-craquelin/craquelin-et-biscotte/craquelins-breton-legumes-du-jardin-dare-02562,https://341647818.fs1.hubspotusercontent-na3.net/hubfs/341647818/CatalogProductImages/fr/02562/image-1.jpg,,2026-01-01T04:19:27.395Z
mayrand,onsale,Craquelins teneur réduite gras et sel 200g,Dare,02564,1.99,3.99,unité (200g),,https://mayrand.ca/fr/nos-produits/epicerie/biscuit-et-craquelin/craquelin-et-biscotte/craquelins-breton-50-moins-de-sel-dare-02564,https://341647818.fs1.hubspotusercontent-na3.net/hubfs/341647818/CatalogProductImages/fr/02564/image-1.jpg,,2026-01-01T04:19:27.395Z
mayrand,onsale,Craquelins original 225g,Dare,02565,1.99,3.79,unité (225g),,https://mayrand.ca/fr/nos-produits/epicerie/biscuit-et-craquelin/craquelin-et-biscotte/craquelins-vinta-original-dare-02565,https://341647818.fs1.hubspotusercontent-na3.net/hubfs/341647818/CatalogProductImages/fr/02565/image-1.jpg,,2026-01-01T04:19:27.395Z
mayrand,onsale,Demi pepperoni 4'',Roch,02855,8.8,8.99,unité (1 2x±2.25kg),,https://mayrand.ca/fr/nos-produits/charcuterie/salami/pepperoni-demi-4-roch-02855,https://341647818.fs1.hubspotusercontent-na3.net/hubfs/341647818/CatalogProductImages/fr/02855/image-1.jpg,,2026-01-01T04:19:27.395Z
mayrand,onsale,Croustilles assaisonnées,Old Dutch,03271,3.29,4.69,unité (235g),,https://mayrand.ca/fr/nos-produits/epicerie/croustille-et-grignotine/croustille/croustilles-assaisonnees-03271,https://341647818.fs1.hubspotusercontent-na3.net/hubfs/341647818/raw_assets/public/MAYRAND-P3-CHILD-THEME/images/icons-modules/placeHolderProduct.png,,2026-01-01T04:19:27.395Z
mayrand,onsale,Croustilles ketchup,Old Dutch,03280,3.29,4.69,unité (1x235g),,https://mayrand.ca/fr/nos-produits/epicerie/croustille-et-grignotine/croustille/croustilles-ketchup-03280,https://341647818.fs1.hubspotusercontent-na3.net/hubfs/341647818/raw_assets/public/MAYRAND-P3-CHILD-THEME/images/icons-modules/placeHolderProduct.png,,2026-01-01T04:19:27.395Z
mayrand,onsale,Croustilles sel et vinaigre,Old Dutch,03284,3.29,4.69,unité (1x235g),,https://mayrand.ca/fr/nos-produits/epicerie/croustille-et-grignotine/croustille/croustilles-sel-et-vinaigre-03284,https://341647818.fs1.hubspotusercontent-na3.net/hubfs/341647818/raw_assets/public/MAYRAND-P3-CHILD-THEME/images/icons-modules/placeHolderProduct.png,,2026-01-01T04:19:27.395Z
mayrand,onsale,Croustilles rip-L nature,Old Dutch,03291,3.29,4.69,unité (235g),,https://mayrand.ca/fr/nos-produits/epicerie/croustille-et-grignotine/croustille/croustilles-rip-l-nature-03291,https://341647818.fs1.hubspotusercontent-na3.net/hubfs/341647818/raw_assets/public/MAYRAND-P3-CHILD-THEME/images/icons-modules/placeHolderProduct.png,,2026-01-01T04:19:27.395Z
mayrand,onsale,03635,,03635,4.99,6.99,unité (600g),,https://mayrand.ca/fr/nos-produits/fruits-et-legumes/fruits/kiwi/kiwi-03635,https://341647818.fs1.hubspotusercontent-na3.net/hubfs/341647818/CatalogProductImages/fr/03635/image-1.jpg,,2026-01-01T04:19:27.395Z
mayrand,onsale,03679,,03679,10.99,12.99,unité (10un),,https://mayrand.ca/fr/nos-produits/fruits-et-legumes/legumes/avocat/avocat-filet-gros-calibre-03679,https://341647818.fs1.hubspotusercontent-na3.net/hubfs/341647818/CatalogProductImages/fr/03679/image-1.jpg,,2026-01-01T04:19:27.395Z
mayrand,onsale,04028,,04028,3.99,5.99,unité (1un),,https://mayrand.ca/fr/nos-produits/fruits-et-legumes/fruits/fraise/fraise-04028,https://341647818.fs1.hubspotusercontent-na3.net/hubfs/341647818/CatalogProductImages/fr/04028/image-1.jpg,,2026-01-01T04:19:27.395Z
mayrand,onsale,04050,,04050,2.99,4.99,unité (1x1un),,https://mayrand.ca/fr/nos-produits/fruits-et-legumes/fruits/melon/cantaloup-04050,https://341647818.fs1.hubspotusercontent-na3.net/hubfs/341647818/CatalogProductImages/fr/04050/image-1.jpg,,2026-01-01T04:19:27.395Z
mayrand,onsale,04061,,04061,2.49,4.49,unité (1un),,https://mayrand.ca/fr/nos-produits/fruits-et-legumes/legumes/laitue/laitue-iceberg-04061,https://341647818.fs1.hubspotusercontent-na3.net/hubfs/341647818/CatalogProductImages/fr/04061/image-1.jpg,,2026-01-01T04:19:27.395Z
mayrand,onsale,04079,,04079,2.99,4.99,unité (1un),,https://mayrand.ca/fr/nos-produits/fruits-et-legumes/legumes/chou/chou-fleur-04079,https://341647818.fs1.hubspotusercontent-na3.net/hubfs/341647818/CatalogProductImages/fr/04079/image-1.jpg,,2026-01-01T04:19:27.395Z
mayrand,onsale,04093,,04093,0.98,1.08,unité (1 kg),,https://mayrand.ca/fr/nos-produits/fruits-et-legumes/legumes/oignon/oignon-colossal-04093,https://341647818.fs1.hubspotusercontent-na3.net/hubfs/341647818/raw_assets/public/MAYRAND-P3-CHILD-THEME/images/icons-modules/placeHolderProduct.png,,2026-01-01T04:19:27.395Z
mayrand,onsale,04664,,04664,3.69,4.39,unité (1 kg),,https://mayrand.ca/fr/nos-produits/fruits-et-legumes/legumes/tomate/tomate-vigne-rouge-04664,https://341647818.fs1.hubspotusercontent-na3.net/hubfs/341647818/CatalogProductImages/fr/04664/image-1.jpg,,2026-01-01T04:19:27.395Z
mayrand,onsale,04667,,04667,1.99,2.49,unité (2.27kg),,https://mayrand.ca/fr/nos-produits/fruits-et-legumes/legumes/oignon/oignon-jaune-04667,https://341647818.fs1.hubspotusercontent-na3.net/hubfs/341647818/CatalogProductImages/fr/04667/image-1.jpg,,2026-01-01T04:19:27.395Z
mayrand,onsale,04800,,04800,2.18,2.62,unité (1 kg),,https://mayrand.ca/fr/nos-produits/fruits-et-legumes/legumes/tomate/tomate-rouge-de-champ-04800,https://341647818.fs1.hubspotusercontent-na3.net/hubfs/341647818/CatalogProductImages/fr/04800/image-1.jpg,,2026-01-01T04:19:27.395Z
mayrand,onsale,05029,,05029,1.99,2.49,unité (1.36kg),,https://mayrand.ca/fr/nos-produits/fruits-et-legumes/legumes/oignon/oignon-rouge-05029,https://341647818.fs1.hubspotusercontent-na3.net/hubfs/341647818/CatalogProductImages/fr/05029/image-1.jpg,,2026-01-01T04:19:27.395Z
mayrand,onsale,05039,,05039,1.49,2.99,unité (1x227g),,https://mayrand.ca/fr/nos-produits/fruits-et-legumes/legumes/tomate/tomate-raisin-05039,https://341647818.fs1.hubspotusercontent-na3.net/hubfs/341647818/CatalogProductImages/fr/05039/image-1.jpg,,2026-01-01T04:19:27.395Z
mayrand,onsale,05215,,05215,4.99,5.99,caisse (4.54kg),,https://mayrand.ca/fr/nos-produits/fruits-et-legumes/legumes/pomme-de-terre/patate-rouge-05215,https://341647818.fs1.hubspotusercontent-na3.net/hubfs/341647818/CatalogProductImages/fr/05215/image-1.jpg,,2026-01-01T04:19:27.395Z
mayrand,onsale,05219,,05219,3.99,4.99,caisse (4.54kg),,https://mayrand.ca/fr/nos-produits/fruits-et-legumes/legumes/pomme-de-terre/patate-blanche-05219,https://341647818.fs1.hubspotusercontent-na3.net/hubfs/341647818/CatalogProductImages/fr/05219/image-1.jpg,,2026-01-01T04:19:27.395Z
mayrand,onsale,Confiture d'abricot 250ml,Bonne Maman,05782,4.99,6.99,unité (250ml),,https://mayrand.ca/fr/nos-produits/epicerie/confiture-et-tartinade/gelee-et-confiture/confiture-dabricots-bonne-maman-05782,https://341647818.fs1.hubspotusercontent-na3.net/hubfs/341647818/CatalogProductImages/fr/05782/image-1.jpg,,2026-01-01T04:19:27.395Z
mayrand,onsale,Pandoro crème de citron,Bauli,06250,17.99,23.99,unité (1x750g),,https://mayrand.ca/fr/nos-produits/epicerie/panettone/pandoro-creme-de-citron-06250,https://341647818.fs1.hubspotusercontent-na3.net/hubfs/341647818/raw_assets/public/MAYRAND-P3-CHILD-THEME/images/icons-modules/placeHolderProduct.png,,2026-01-01T04:19:27.395Z
mayrand,onsale,07808,,07808,6.99,7.99,caisse (1x1.8kg),,https://mayrand.ca/fr/nos-produits/fruits-et-legumes/fruits/mandarine-et-clementine/clementine-boite-07808,https://341647818.fs1.hubspotusercontent-na3.net/hubfs/341647818/CatalogProductImages/fr/07808/image-1.jpg,,2026-01-01T04:19:27.395Z
mayrand,onsale,07826,,07826,6.99,10.99,caisse (1x3.63kg),,https://mayrand.ca/fr/nos-produits/fruits-et-legumes/fruits/orange/orange-boite-07826,https://341647818.fs1.hubspotusercontent-na3.net/hubfs/341647818/CatalogProductImages/fr/07826/image-1.jpg,,2026-01-01T04:19:27.395Z
mayrand,onsale,08083,,08083,3.99,4.49,unité (1.36kg),,https://mayrand.ca/fr/nos-produits/fruits-et-legumes/fruits/pomme/pomme-empire-08083,https://341647818.fs1.hubspotusercontent-na3.net/hubfs/341647818/CatalogProductImages/fr/08083/image-1.jpg,,2026-01-01T04:19:27.395Z
mayrand,onsale,Pandoro en boîte,De Conti,08245,7.49,9.79,unité (1x750g),,https://mayrand.ca/fr/nos-produits/epicerie/panettone/pandoro-en-boite-08245,https://341647818.fs1.hubspotusercontent-na3.net/hubfs/341647818/raw_assets/public/MAYRAND-P3-CHILD-THEME/images/icons-modules/placeHolderProduct.png,,2026-01-01T04:19:27.395Z
mayrand,onsale,09190,,09190,3.99,5.99,unité (6un),,https://mayrand.ca/fr/nos-produits/fruits-et-legumes/legumes/avocat/avocat-en-filet-09190,https://341647818.fs1.hubspotusercontent-na3.net/hubfs/341647818/CatalogProductImages/fr/09190/image-1.jpg,,2026-01-01T04:19:27.395Z
mayrand,onsale,09248,,09248,2.99,4.49,unité (1un),,https://mayrand.ca/fr/nos-produits/fruits-et-legumes/legumes/poivron/poivron-mini-doux-09248,https://341647818.fs1.hubspotusercontent-na3.net/hubfs/341647818/CatalogProductImages/fr/09248/image-1.jpg,,2026-01-01T04:19:27.395Z
mayrand,onsale,10883,,10883,4.49,5.49,unité (1.36kg),,https://mayrand.ca/fr/nos-produits/fruits-et-legumes/fruits/pomme/pomme-gala-10883,https://341647818.fs1.hubspotusercontent-na3.net/hubfs/341647818/raw_assets/public/MAYRAND-P3-CHILD-THEME/images/icons-modules/placeHolderProduct.png,,2026-01-01T04:19:27.395Z
mayrand,onsale,10886,,10886,3.99,4.99,unité (1.36kg),,https://mayrand.ca/fr/nos-produits/fruits-et-legumes/fruits/pomme/pomme-jaune-delicieuse-10886,https://341647818.fs1.hubspotusercontent-na3.net/hubfs/341647818/CatalogProductImages/fr/10886/image-1.jpg,,2026-01-01T04:19:27.395Z
mayrand,onsale,10889,,10889,3.99,4.49,unité (1.36kg),,https://mayrand.ca/fr/nos-produits/fruits-et-legumes/fruits/pomme/pomme-cortland-10889,https://341647818.fs1.hubspotusercontent-na3.net/hubfs/341647818/CatalogProductImages/fr/10889/image-1.jpg,,2026-01-01T04:19:27.395Z
mayrand,onsale,Jambon extra maigre à l'ancienne 1kg,Roch,10988,10.56,10.99,unité (1 2x3.5kg),,https://mayrand.ca/fr/nos-produits/charcuterie/jambon/jambon-fume-extra-maigre-a-lancienne-roch-10988,https://341647818.fs1.hubspotusercontent-na3.net/hubfs/341647818/CatalogProductImages/fr/10988/image-1.png,,2026-01-01T04:19:27.395Z
mayrand,onsale,Jambon fumé toupie extra-maigre 14% 1kg,Roch,11232,10.56,10.99,unité (1 3x±7kg),,https://mayrand.ca/fr/nos-produits/charcuterie/jambon/jambon-fume-toupie-extra-maigre-14-roch-11232,https://341647818.fs1.hubspotusercontent-na3.net/hubfs/341647818/CatalogProductImages/fr/11232/image-1.png,,2026-01-01T04:19:27.395Z
mayrand,onsale,#Jambon confit à effilocher 17%,Roch,11276,18.71,18.99,unité (1 4x1.25kg),,https://mayrand.ca/fr/nos-produits/charcuterie/jambon/jambon-confit-a-effilocher-17-11276,https://341647818.fs1.hubspotusercontent-na3.net/hubfs/341647818/raw_assets/public/MAYRAND-P3-CHILD-THEME/images/icons-modules/placeHolderProduct.png,,2026-01-01T04:19:34.560Z
mayrand,onsale,Hummus mini traditionnel 6 x 57 g,Fontaine Santé,11353,4.99,5.99,unité (6x57g),,https://mayrand.ca/fr/nos-produits/charcuterie/pret-a-manger/hummus-et-trempette/hummus-mini-traditionnel-fontaine-sante-11353,https://341647818.fs1.hubspotusercontent-na3.net/hubfs/341647818/CatalogProductImages/fr/11353/image-1.png,,2026-01-01T04:19:34.560Z
mayrand,onsale,Crevettes blanches 31/40 avec queue surgelées 2lb,Mirabel,11366,19.99,22.79,unité (1x907g),,https://mayrand.ca/fr/nos-produits/surgele/fruit-de-mer-surgele/crevette-crue-surgelee/crevettes-blanches-3140-avec-queue-surgelees-mirabel-11366,https://341647818.fs1.hubspotusercontent-na3.net/hubfs/341647818/CatalogProductImages/fr/11366/image-1.png,,2026-01-01T04:19:34.560Z
mayrand,onsale,Bière forte 5.6% bouteilles 6 x 355 ml,Prestige,11652,13.99,14.99,unité (6x355ml),,https://mayrand.ca/fr/nos-produits/boisson/vin-et-biere/biere-forte-5.6-bouteilles-prestige-11652,https://341647818.fs1.hubspotusercontent-na3.net/hubfs/341647818/CatalogProductImages/fr/11652/image-1.png,,2026-01-01T04:19:34.560Z
mayrand,onsale,Baguettes françaises artisanales x 2,Mayrand Chef,11771,3.99,4.99,unité (2x350g),,https://mayrand.ca/fr/nos-produits/boulangerie/ciabatta-et-baguette/baguettes-francaises-artisanales-x2-mayrand-chef-11771,https://341647818.fs1.hubspotusercontent-na3.net/hubfs/341647818/CatalogProductImages/fr/11771/image-1.png,,2026-01-01T04:19:34.560Z
mayrand,onsale,Panettone beurre raisin et canneberge,Valentino,11800,9.99,13.49,unité (1x750g),,https://mayrand.ca/fr/nos-produits/epicerie/panettone/panettone-beurre-raisin-et-canneberge-11800,https://341647818.fs1.hubspotusercontent-na3.net/hubfs/341647818/raw_assets/public/MAYRAND-P3-CHILD-THEME/images/icons-modules/placeHolderProduct.png,,2026-01-01T04:19:34.560Z
mayrand,onsale,Panettone raisin et zeste d'orange boîte Italie,Valentino,11801,14.49,18.99,unité (1x1kg),,https://mayrand.ca/fr/nos-produits/epicerie/panettone/panettone-raisin-et-zeste-dorange-boite-italie-11801,https://341647818.fs1.hubspotusercontent-na3.net/hubfs/341647818/raw_assets/public/MAYRAND-P3-CHILD-THEME/images/icons-modules/placeHolderProduct.png,,2026-01-01T04:19:34.560Z
mayrand,onsale,Panettone raisin et zeste d'orange boîte fleur,Valentino,11802,14.49,18.99,unité (1x1kg),,https://mayrand.ca/fr/nos-produits/epicerie/panettone/panettone-raisin-et-zeste-dorange-boite-fleur-11802,https://341647818.fs1.hubspotusercontent-na3.net/hubfs/341647818/raw_assets/public/MAYRAND-P3-CHILD-THEME/images/icons-modules/placeHolderProduct.png,,2026-01-01T04:19:34.560Z
mayrand,onsale,Foie gras de canard cidre de glace 140 g,Rougié,11806,12.99,16.99,unité (1x140g),,https://mayrand.ca/fr/nos-produits/charcuterie/canard/foie-gras-de-canard-cidre-de-glace-rougie-11806,https://341647818.fs1.hubspotusercontent-na3.net/hubfs/341647818/CatalogProductImages/fr/11806/image-1.png,,2026-01-01T04:19:34.560Z
mayrand,onsale,11934,,11934,3.49,4.99,unité (1x1un),,https://mayrand.ca/fr/nos-produits/fruits-et-legumes/fruits/melon/melon-canari-11934,https://341647818.fs1.hubspotusercontent-na3.net/hubfs/341647818/CatalogProductImages/fr/11934/image-1.jpg,,2026-01-01T04:19:34.560Z
mayrand,onsale,Panettone poire chocolat mignon,Di Stefano,11993,12.49,15.99,unité (1x200g),,https://mayrand.ca/fr/nos-produits/epicerie/panettone/panettone-poire-chocolat-mignon-11993,https://341647818.fs1.hubspotusercontent-na3.net/hubfs/341647818/raw_assets/public/MAYRAND-P3-CHILD-THEME/images/icons-modules/placeHolderProduct.png,,2026-01-01T04:19:34.560Z
mayrand,onsale,Gâteau aux fruits Deluxe couronne 900 g,Grant's,12053,22.99,27.99,unité (1x900g),,https://mayrand.ca/fr/nos-produits/boulangerie/gateau/gateau-aux-fruits-deluxe-couronne-grants-12053,https://341647818.fs1.hubspotusercontent-na3.net/hubfs/341647818/CatalogProductImages/fr/12053/image-1.png,,2026-01-01T04:19:34.561Z
mayrand,onsale,Trempette d'artichaud au fromage boursin,Fontaine Santé,12058,4.99,5.49,unité (1x227g),,https://mayrand.ca/fr/nos-produits/charcuterie/pret-a-manger/hummus-et-trempette/trempette-dartichaud-au-fromage-boursin-227-g-12058,https://341647818.fs1.hubspotusercontent-na3.net/hubfs/341647818/raw_assets/public/MAYRAND-P3-CHILD-THEME/images/icons-modules/placeHolderProduct.png,,2026-01-01T04:19:34.561Z
mayrand,onsale,907,,907,3.49,4.99,unité (1x907g),,https://mayrand.ca/fr/nos-produits/fruits-et-legumes/fruits/citron-et-lime/citron-sac-12075,https://341647818.fs1.hubspotusercontent-na3.net/hubfs/341647818/CatalogProductImages/fr/12075/image-1.jpg,,2026-01-01T04:19:34.561Z
mayrand,onsale,Jambon à déjeuner sans os 1 kg,Mayrand Chef,12169,8.8,8.99,unité (1 1x5.5kg),,https://mayrand.ca/fr/nos-produits/charcuterie/jambon/jambon-a-dejeuner-sans-os-mayrand-chef-12169,https://341647818.fs1.hubspotusercontent-na3.net/hubfs/341647818/raw_assets/public/MAYRAND-P3-CHILD-THEME/images/icons-modules/placeHolderProduct.png,,2026-01-01T04:19:34.561Z
mayrand,onsale,12173,,12173,3.99,5.99,unité (1x4un),,https://mayrand.ca/fr/nos-produits/fruits-et-legumes/legumes/poivron/poivron-vert-sac-12173,https://341647818.fs1.hubspotusercontent-na3.net/hubfs/341647818/CatalogProductImages/fr/12173/image-1.jpg,,2026-01-01T04:19:34.561Z
mayrand,onsale,12174,,12174,4.99,6.99,unité (1x4un),,https://mayrand.ca/fr/nos-produits/fruits-et-legumes/legumes/poivron/poivron-rouge-sac-12174,https://341647818.fs1.hubspotusercontent-na3.net/hubfs/341647818/CatalogProductImages/fr/12174/image-1.jpg,,2026-01-01T04:19:34.561Z
mayrand,onsale,Chandelle à l'huile LiquidLight 12hrs,Leolight,12280,0.7,0.99,unité (1x1un),,https://mayrand.ca/fr/nos-produits/entretien/combustible/chandelle-a-lhuile-liquidlight-12hrs-12280,https://341647818.fs1.hubspotusercontent-na3.net/hubfs/341647818/raw_assets/public/MAYRAND-P3-CHILD-THEME/images/icons-modules/placeHolderProduct.png,,2026-01-01T04:19:34.561Z
mayrand,onsale,Chandelle paraffine blanche 15hrs,Leolight,12281,0.4,0.99,unité (1x1un),,https://mayrand.ca/fr/nos-produits/entretien/combustible/chandelle-paraffine-blanche-15hrs-leolight-12281,https://341647818.fs1.hubspotusercontent-na3.net/hubfs/341647818/raw_assets/public/MAYRAND-P3-CHILD-THEME/images/icons-modules/placeHolderProduct.png,,2026-01-01T04:19:34.561Z
mayrand,onsale,12286,,12286,3.49,4.49,unité (1x907gr),,https://mayrand.ca/fr/nos-produits/fruits-et-legumes/fruits/poire/poire-bartlett-panier-12286,https://341647818.fs1.hubspotusercontent-na3.net/hubfs/341647818/CatalogProductImages/fr/12286/image-1.jpg,,2026-01-01T04:19:34.561Z
mayrand,onsale,12324,,12324,3.99,6.99,unité (1x1.36kg),,https://mayrand.ca/fr/nos-produits/fruits-et-legumes/legumes/courge-et-courgette/courgette-verte-12324,https://341647818.fs1.hubspotusercontent-na3.net/hubfs/341647818/CatalogProductImages/fr/12324/image-1.jpg,,2026-01-01T04:19:34.561Z
mayrand,onsale,12383,,12383,1.25,1.99,unité (1x1un),,https://mayrand.ca/fr/nos-produits/fruits-et-legumes/fruits/mangue/mangue-rouge-12383,https://341647818.fs1.hubspotusercontent-na3.net/hubfs/341647818/CatalogProductImages/fr/12383/image-1.jpg,,2026-01-01T04:19:34.561Z
mayrand,onsale,Takis fuego nacho boîte de 40 un,Takis,12411,12.99,16.99,unité (40x28g),,https://mayrand.ca/fr/nos-produits/epicerie/croustille-et-grignotine/croustille/takis-fuego-nacho-emballage-multiple-40-pqt-takis-12411,https://341647818.fs1.hubspotusercontent-na3.net/hubfs/341647818/raw_assets/public/MAYRAND-P3-CHILD-THEME/images/icons-modules/placeHolderProduct.png,,2026-01-01T04:19:34.561Z
mayrand,onsale,Base melon d'eau 4 L,Slush Puppie,12629,61.99,64.99,unité (1x4L),,https://mayrand.ca/fr/nos-produits/epicerie/bar-laitier/sirop-barbotine-et-lait-frappe/base-melon-deau-12629,https://341647818.fs1.hubspotusercontent-na3.net/hubfs/341647818/CatalogProductImages/%C3%89picerie/12629%20Base%20pour%20slush%20melon%20deau%204%20L%20Slush%20Puppie.png,,2026-01-01T04:19:34.561Z
mayrand,onsale,Bonbon partie de monstre en gélatine 375 g,Brands,12667,3.99,6.99,unité (1x375g),,https://mayrand.ca/fr/nos-produits/epicerie/confiserie/bonbon/bonbon-partie-de-monstre-gelatine-12667,https://341647818.fs1.hubspotusercontent-na3.net/hubfs/341647818/CatalogProductImages/%C3%89picerie/12667_Bonbon%20partie%20de%20monstre%20g%C3%A9latine_BRANDSs.jpg,,2026-01-01T04:19:34.561Z
mayrand,onsale,Chocolat fantôme vrac 72 x 22 g,Freddo,12674,39.99,49.99,caisse (72x22g),,https://mayrand.ca/fr/nos-produits/epicerie/confiserie/chocolat/chocolat-fantome-vrac-12674,https://341647818.fs1.hubspotusercontent-na3.net/hubfs/341647818/CatalogProductImages/%C3%89picerie/12674%20Chocolat%20au%20lait%20fant%C3%B4me%2072%20x%2022%20g%20Freddo.png,,2026-01-01T04:19:34.561Z
mayrand,onsale,Chocolat citrouille caramel 390 g,Freddo,12675,9.99,14.29,unité (1x390g),,https://mayrand.ca/fr/nos-produits/epicerie/confiserie/chocolat/chocolat-citrouille-caramel-12675,https://341647818.fs1.hubspotusercontent-na3.net/hubfs/341647818/CatalogProductImages/%C3%89picerie/12675%20Chocolat%20citrouille%20au%20centre%20caramel%20390%20g%20%20Freddo.png,,2026-01-01T04:19:34.561Z
mayrand,onsale,Ensemble panier cadeau rouge,Laura Secord,12683,13.49,17.99,unité (1x1un),,https://mayrand.ca/fr/nos-produits/epicerie/confiserie/chocolat/ensemble-panier-cadeau-rouge-12683,https://341647818.fs1.hubspotusercontent-na3.net/hubfs/341647818/CatalogProductImages/%C3%89picerie/12683%20Ensemble%20panier%20cadeau%20rouge%201un%20LAURA%20SECORD.jpg.jpg,,2026-01-01T04:19:34.561Z
mayrand,onsale,Ensemble panier Le Gourmet,Lindt,12684,9.49,12.99,unité (1x1un),,https://mayrand.ca/fr/nos-produits/epicerie/confiserie/chocolat/ensemble-panier-le-gourmet-12684,https://341647818.fs1.hubspotusercontent-na3.net/hubfs/341647818/CatalogProductImages/%C3%89picerie/12684%20Ensemble%20panier%20Lindt%201un%20LAURA%20SECORD.jpg,,2026-01-01T04:19:34.561Z
mayrand,onsale,Caramel au beurre 990 g,La Lichée,12685,11.99,13.99,unité (1x990g),,https://mayrand.ca/fr/nos-produits/epicerie/confiture-et-tartinade/tartinade/caramel-au-beurre-12685,https://341647818.fs1.hubspotusercontent-na3.net/hubfs/341647818/CatalogProductImages/%C3%89picerie/12685%20Caramel%20au%20beurre%2012x990g%20LA%20LICH%C3%89E.jpg,,2026-01-01T04:19:34.561Z
mayrand,onsale,"Jambon toupie extra-maigre ancienne 1,4 kg",Roch,12692,17.99,18.49,unité (1x1.4kg),,https://mayrand.ca/fr/nos-produits/charcuterie/jambon/jambon-toupie-extra-maigre-ancienne-12692,https://341647818.fs1.hubspotusercontent-na3.net/hubfs/341647818/raw_assets/public/MAYRAND-P3-CHILD-THEME/images/icons-modules/placeHolderProduct.png,,2026-01-01T04:19:34.561Z
mayrand,onsale,680,,680,3.99,5.49,unité (680G),,https://mayrand.ca/fr/nos-produits/fruits-et-legumes/legumes/champignon/champignon-brun-entier-12752,https://341647818.fs1.hubspotusercontent-na3.net/hubfs/341647818/CatalogProductImages/Fruits%20et%20L%C3%A9gumes/12752%20Champignon%20brun%20entier%20680%20g.png,,2026-01-01T04:19:34.561Z
mayrand,onsale,"Jus orange sans pulpe frais 6 x 1,5 L",Natural One,12756,3.99,4.79,unité (1x1.5L),,https://mayrand.ca/fr/nos-produits/produits-laitiers/jus-frais/jus-orange-sans-pulpe-frais-12756,https://341647818.fs1.hubspotusercontent-na3.net/hubfs/341647818/PRODUITS%20LAITIERS/12756%20-%20Jus%20dorange%206x1.5L%20-%20Natural%20One.png,,2026-01-01T04:19:34.561Z
mayrand,onsale,Tronchetto crème chocolat 750 g,Battistero,12793,7.89,10.99,unité (1x750g),,https://mayrand.ca/fr/nos-produits/epicerie/panettone/tronchetto-creme-chocolat-12793,https://341647818.fs1.hubspotusercontent-na3.net/hubfs/341647818/CatalogProductImages/%C3%89picerie/12793%20Tronchetto%20creme%20au%20chocolat%208x750gr%20BATTISTERO.jpg,,2026-01-01T04:19:34.561Z
mayrand,onsale,Panettone chocolat Dubai 800 g,Scarpato,12802,42.99,56.99,unité (1x800g),,https://mayrand.ca/fr/nos-produits/epicerie/panettone/panettone-chocolat-dubai-12802,https://341647818.fs1.hubspotusercontent-na3.net/hubfs/341647818/CatalogProductImages/%C3%89picerie/12802%20panettone%20chocolat%20dubai%206x800g%20SCARPATO.jpg,,2026-01-01T04:19:34.561Z
mayrand,onsale,Chocolat Père Noël creux 20 g,Freddo,12825,35,52.99,caisse (72x20g),,https://mayrand.ca/fr/nos-produits/epicerie/confiserie/chocolat/chocolat-pere-noel-creux-12825,https://341647818.fs1.hubspotusercontent-na3.net/hubfs/341647818/CatalogProductImages/%C3%89picerie/12823-12825%20Chocolat%20P%C3%A8re%20No%C3%ABl%20creux%20unit%C3%A9%20FREDDO.jpg,,2026-01-01T04:19:34.561Z
mayrand,onsale,Panettone aux amandes siciliens,Di Stefano,12840,11.49,14.99,unité (1x200g),,https://mayrand.ca/fr/nos-produits/epicerie/panettone/panettone-aux-amandes-siciliens-12840,https://341647818.fs1.hubspotusercontent-na3.net/hubfs/341647818/raw_assets/public/MAYRAND-P3-CHILD-THEME/images/icons-modules/placeHolderProduct.png,,2026-01-01T04:19:34.561Z
mayrand,onsale,Panettone marron glacé,Valentino,12844,19.99,25.49,unité (1x1kg),,https://mayrand.ca/fr/nos-produits/epicerie/panettone/panettone-marron-glace-12844,https://341647818.fs1.hubspotusercontent-na3.net/hubfs/341647818/raw_assets/public/MAYRAND-P3-CHILD-THEME/images/icons-modules/placeHolderProduct.png,,2026-01-01T04:19:41.717Z
mayrand,onsale,Pandoro,Valentino,12848,10.49,13.74,unité (1x750g),,https://mayrand.ca/fr/nos-produits/epicerie/panettone/pandoro-12848,https://341647818.fs1.hubspotusercontent-na3.net/hubfs/341647818/raw_assets/public/MAYRAND-P3-CHILD-THEME/images/icons-modules/placeHolderProduct.png,,2026-01-01T04:19:41.717Z
mayrand,onsale,Panettone crème de pistache,Valentino,12849,15.49,19.99,unité (1x750g),,https://mayrand.ca/fr/nos-produits/epicerie/panettone/panettone-creme-de-pistache-12849,https://341647818.fs1.hubspotusercontent-na3.net/hubfs/341647818/raw_assets/public/MAYRAND-P3-CHILD-THEME/images/icons-modules/placeHolderProduct.png,,2026-01-01T04:19:41.717Z
mayrand,onsale,Panettone marron glacé 1000 g,Scarpato,12861,35.99,45.99,unité (1x1kg),,https://mayrand.ca/fr/nos-produits/epicerie/panettone/panettone-marron-glace-12861,https://341647818.fs1.hubspotusercontent-na3.net/hubfs/341647818/CatalogProductImages/%C3%89picerie/12861%20Panettone%20marron%20glac%C3%A9%206x1000g%20SCARPATO.jpg,,2026-01-01T04:19:41.717Z
mayrand,onsale,Verre shooter clair 1oz 50 un,Party Couture,12887,1.23,1.54,unité (1x50un),,https://mayrand.ca/fr/nos-produits/emballage/vaisselle-jetable/verre-jetable/verre-shooter-clair-1oz-12887,https://341647818.fs1.hubspotusercontent-na3.net/hubfs/341647818/EMBALLAGE/12887%20Verre%20shooter%20clair%201oz%20PARTY%20COUTURE.jpg,,2026-01-01T04:19:41.717Z
mayrand,onsale,"Assiette dessert rectangle blanche 7.5"" 10 un",Party Couture,12894,3.99,4.99,unité (1x10un),,https://mayrand.ca/fr/nos-produits/emballage/vaisselle-jetable/assiette-jetable/assiette-dessert-rectangle-blanche-75-12894,https://341647818.fs1.hubspotusercontent-na3.net/hubfs/341647818/EMBALLAGE/12894%20Assiette%20dessert%20rectangle%20blanche%207.5%20p%20PARTY%20COUTURE.jpg,,2026-01-01T04:19:41.717Z
mayrand,onsale,"Assiette dessert rectangle blanche 12.75"" 10 un",Party Couture,12895,7.18,8.99,unité (1x10un),,https://mayrand.ca/fr/nos-produits/emballage/vaisselle-jetable/assiette-jetable/assiette-dessert-rectangle-blanche-1275-12895,https://341647818.fs1.hubspotusercontent-na3.net/hubfs/341647818/raw_assets/public/MAYRAND-P3-CHILD-THEME/images/icons-modules/placeHolderProduct.png,,2026-01-01T04:19:41.717Z
mayrand,onsale,"Assiette carrée blanche 6.5"" 10 un",Party Couture,12901,3.58,4.49,unité (1x10un),,https://mayrand.ca/fr/nos-produits/emballage/vaisselle-jetable/assiette-jetable/assiette-carree-blanche-65-12901,https://341647818.fs1.hubspotusercontent-na3.net/hubfs/341647818/EMBALLAGE/12901%20Assiette%20carr%C3%A9e%20blanche%206.5%20p%20PARTY%20COUTURE.jpg,,2026-01-01T04:19:41.717Z
mayrand,onsale,"Assiette claire bande or 13"" 4 un",Party Couture,12904,5.58,6.99,unité (1x4un),,https://mayrand.ca/fr/nos-produits/emballage/vaisselle-jetable/assiette-jetable/assiette-claire-bande-or-13-12904,https://341647818.fs1.hubspotusercontent-na3.net/hubfs/341647818/EMBALLAGE/12904%20Assiette%20claire%20bande%20or%2013p%20PARTY%20COUTURE.jpg,,2026-01-01T04:19:41.717Z
mayrand,onsale,"Assiette carrée blanche 8"" 10 un",Party Couture,12905,5.11,6.39,unité (1x10un),,https://mayrand.ca/fr/nos-produits/emballage/vaisselle-jetable/assiette-jetable/assiette-carree-blanche-8-12905,https://341647818.fs1.hubspotusercontent-na3.net/hubfs/341647818/raw_assets/public/MAYRAND-P3-CHILD-THEME/images/icons-modules/placeHolderProduct.png,,2026-01-01T04:19:41.718Z
mayrand,onsale,"Assiette carrée blanche 10.25"" 10 un",Party Couture,12906,8.47,10.59,unité (1x10un),,https://mayrand.ca/fr/nos-produits/emballage/vaisselle-jetable/assiette-jetable/assiette-carree-blanche-1025-12906,https://341647818.fs1.hubspotusercontent-na3.net/hubfs/341647818/EMBALLAGE/12906%20Assiette%20carr%C3%A9e%20blanche%2010.75%20p%20PARTY%20COUTURE.jpg,,2026-01-01T04:19:41.718Z
mayrand,onsale,Verre carré 12oz 1 un,Party Couture,12907,2.71,3.39,unité (1x10un),,https://mayrand.ca/fr/nos-produits/emballage/vaisselle-jetable/verre-jetable/verre-carre-12oz-12907,https://341647818.fs1.hubspotusercontent-na3.net/hubfs/341647818/raw_assets/public/MAYRAND-P3-CHILD-THEME/images/icons-modules/placeHolderProduct.png,,2026-01-01T04:19:41.718Z
mayrand,onsale,Bol clair bande or 16oz 10 un,Party Couture,12909,5.58,6.99,unité (1x10un),,https://mayrand.ca/fr/nos-produits/emballage/vaisselle-jetable/assiette-jetable/bol-clair-bande-or-16oz-12909,https://341647818.fs1.hubspotusercontent-na3.net/hubfs/341647818/EMBALLAGE/12909%20Bol%20clair%2016%20oz%20PARTY%20COUTURE.jpg,,2026-01-01T04:19:41.718Z
mayrand,onsale,Cuillère à thé grande claire 50 un,Party Couture,12914,3.99,4.99,unité (1x50un),,https://mayrand.ca/fr/nos-produits/emballage/vaisselle-jetable/ustensile-jetable/cuillere-a-the-grande-claire-12914,https://341647818.fs1.hubspotusercontent-na3.net/hubfs/341647818/raw_assets/public/MAYRAND-P3-CHILD-THEME/images/icons-modules/placeHolderProduct.png,,2026-01-01T04:19:41.718Z
mayrand,onsale,Fourchette grande claire 50 un,Party Couture,12915,3.99,4.99,unité (1x50un),,https://mayrand.ca/fr/nos-produits/emballage/vaisselle-jetable/ustensile-jetable/fourchette-grande-claire-12915,https://341647818.fs1.hubspotusercontent-na3.net/hubfs/341647818/raw_assets/public/MAYRAND-P3-CHILD-THEME/images/icons-modules/placeHolderProduct.png,,2026-01-01T04:19:41.718Z
mayrand,onsale,Cuillère à soupe grande claire 50 un,Party Couture,12918,3.99,4.99,unité (1x50un),,https://mayrand.ca/fr/nos-produits/emballage/vaisselle-jetable/ustensile-jetable/cuillere-a-soupe-grande-claire-12918,https://341647818.fs1.hubspotusercontent-na3.net/hubfs/341647818/EMBALLAGE/12918%20Cuillere%20%C3%A0%20soupe%20grande%20claire%20PARTY%20COUTURE%20(2).jpg,,2026-01-01T04:19:41.718Z
mayrand,onsale,Couteau grand clair 50 un,Party Couture,12921,3.99,4.99,unité (1x50un),,https://mayrand.ca/fr/nos-produits/emballage/vaisselle-jetable/ustensile-jetable/couteau-grand-clair-12921,https://341647818.fs1.hubspotusercontent-na3.net/hubfs/341647818/EMBALLAGE/12921%20Grands%20couteaux%20clairs%20PARTY%20COUTURE.jpg,,2026-01-01T04:19:41.718Z
mayrand,onsale,Cornichon sucré 1 L,Brine,12967,4.39,4.89,unité (1x1L),,https://mayrand.ca/fr/nos-produits/epicerie/marinade/cornichon-et-oignon/cornichon-sucre-12967,https://341647818.fs1.hubspotusercontent-na3.net/hubfs/341647818/CatalogProductImages/%C3%89picerie/12967%20cornichons%20sucr%C3%A9s%2012x1lt%20BRINE.jpg,,2026-01-01T04:19:41.718Z
mayrand,onsale,Cornichon aneth croquant 1 L,Brine,12968,4.39,4.89,unité (1x1L),,https://mayrand.ca/fr/nos-produits/epicerie/marinade/cornichon-et-oignon/cornichon-aneth-croquant-12968,https://341647818.fs1.hubspotusercontent-na3.net/hubfs/341647818/CatalogProductImages/%C3%89picerie/12968%20cornichons%20a%20laneth%2012x1lt%20BRINE.jpg,,2026-01-01T04:19:41.718Z
mayrand,onsale,Cornichon aneth extra ail 1 L,Brine,12969,4.39,4.89,unité (1x1L),,https://mayrand.ca/fr/nos-produits/epicerie/marinade/cornichon-et-oignon/cornichon-aneth-extra-ail-12969,https://341647818.fs1.hubspotusercontent-na3.net/hubfs/341647818/CatalogProductImages/%C3%89picerie/12969%20cornichons%20a%20laneth%20extra%20ail%2012x1lt%20BRINE.jpg,,2026-01-01T04:19:41.718Z
mayrand,onsale,Oups ! Page non trouvée,,12970,4.39,4.89,unité (1x1L),,https://mayrand.ca/fr/nos-produits/epicerie/marinade/marinade/betterave-marinee-tranchee-12970,https://341647818.fs1.hubspotusercontent-na3.net/hubfs/341647818/CatalogProductImages/%C3%89picerie/12970%20betteraves%20marin%C3%A9es%20tranch%C3%A9es%2012x1lt%20BRINE.jpg,,2026-01-01T04:19:41.718Z
mayrand,onsale,"Plateau service clair rectangle 12 x 18""",Party Couture,12974,3.19,3.99,unité (1x1un),,https://mayrand.ca/fr/nos-produits/emballage/contenant-jetable/contenant-plastique/plateau-service-clair-rectangle-12x18-12974,https://341647818.fs1.hubspotusercontent-na3.net/hubfs/341647818/raw_assets/public/MAYRAND-P3-CHILD-THEME/images/icons-modules/placeHolderProduct.png,,2026-01-01T04:19:41.718Z
mayrand,onsale,"Plateau service clair ovale 14 x 25""",Party Couture,12975,4.55,5.69,unité (1x1un),,https://mayrand.ca/fr/nos-produits/emballage/contenant-jetable/contenant-plastique/plateau-service-clair-ovale-14x25-12975,https://341647818.fs1.hubspotusercontent-na3.net/hubfs/341647818/EMBALLAGE/12975%20Plateau%20service%20clair%20ovale%20%2014x25%20p%20PARTY%20COUTURE.jpg,,2026-01-01T04:19:41.718Z
mayrand,onsale,"Plateau service clair ovale 11 x 16""",Party Couture,12976,1.98,2.49,unité (1x1un),,https://mayrand.ca/fr/nos-produits/emballage/contenant-jetable/contenant-plastique/plateau-service-clair-ovale-11x16-12976,https://341647818.fs1.hubspotusercontent-na3.net/hubfs/341647818/EMBALLAGE/12976%20Plateau%20service%20clair%20ovale%20%2011x16%20p%20PARTY%20COUTURE.jpg,,2026-01-01T04:19:41.718Z
mayrand,onsale,Plateau service clair rectangle 4 compartiments,Party Couture,12977,2.39,2.99,unité (1x1un),,https://mayrand.ca/fr/nos-produits/emballage/contenant-jetable/contenant-plastique/plateau-service-clair-rectangle-4-compartiments-12977,https://341647818.fs1.hubspotusercontent-na3.net/hubfs/341647818/EMBALLAGE/12977%20Plateau%20service%20clair%204%20compartiments%20PARTY%20COUTURE.jpg,,2026-01-01T04:19:41.718Z
mayrand,onsale,"Plateau service clair rectangle 9 x 13""",Party Couture,12978,1.59,1.99,unité (1x1un),,https://mayrand.ca/fr/nos-produits/emballage/contenant-jetable/contenant-plastique/plateau-service-clair-rectangle-9x13-12978,https://341647818.fs1.hubspotusercontent-na3.net/hubfs/341647818/EMBALLAGE/12978%20Plateau%20service%20clair%20rectangle%209x13p%20PARTY%20COUTURE.jpg,,2026-01-01T04:19:41.718Z
mayrand,onsale,"Plateau service clair rectangle 11 x 16""",Party Couture,12979,2.15,2.69,unité (1x1un),,https://mayrand.ca/fr/nos-produits/emballage/contenant-jetable/contenant-plastique/plateau-service-clair-rectangle-11x16-12979,https://341647818.fs1.hubspotusercontent-na3.net/hubfs/341647818/EMBALLAGE/12979%20Plateau%20service%20clair%20rectangle%2011x16p%20PARTY%20COUTURE.jpg,,2026-01-01T04:19:41.718Z
mayrand,onsale,"Plateau service blanc rectangle 9x13""",Party Couture,12980,1.59,1.99,unité (1x1un),,https://mayrand.ca/fr/nos-produits/emballage/contenant-jetable/contenant-plastique/plateau-service-blanc-rectangle-9x13-12980,https://341647818.fs1.hubspotusercontent-na3.net/hubfs/341647818/EMBALLAGE/12980%20Plateau%20service%20blanc%20rectangle%209x13p%20PARTY%20COUTURE.jpg,,2026-01-01T04:19:41.718Z
mayrand,onsale,"Plateau service blanc rectangle 11x16""",Party Couture,12981,2.15,2.69,unité (1x1un),,https://mayrand.ca/fr/nos-produits/emballage/contenant-jetable/contenant-plastique/plateau-service-blanc-rectangle-11x16-12981,https://341647818.fs1.hubspotusercontent-na3.net/hubfs/341647818/EMBALLAGE/12980%20Plateau%20service%20blanc%20rectangle%2011x16p%20PARTY%20COUTURE.jpg,,2026-01-01T04:19:41.718Z
mayrand,onsale,"Assiette blanche carrée 9.5""",Party Couture,12983,6.39,7.99,unité (1x1un),,https://mayrand.ca/fr/nos-produits/emballage/vaisselle-jetable/assiette-jetable/assiette-blanche-carree-95-12983,https://341647818.fs1.hubspotusercontent-na3.net/hubfs/341647818/EMBALLAGE/12983%20Assiette%20blanche%20carr%C3%A9e%209.5%20p%20PARTY%20COUTURE.jpg,,2026-01-01T04:19:41.718Z
mayrand,onsale,Bol dessert clair fleur 12 un,Party Couture,12984,1.99,2.49,unité (1x1un),,https://mayrand.ca/fr/nos-produits/emballage/vaisselle-jetable/vaisselle-jetable/bol-dessert-clair-fleur-12984,https://341647818.fs1.hubspotusercontent-na3.net/hubfs/341647818/EMBALLAGE/12985%20Bol%20avec%20couvercle%20moyen%20carr%C3%A9%20PARTY%20COUTURE.jpg,,2026-01-01T04:19:41.718Z
mayrand,onsale,Bol avec couvercle clair moyen carré 8 un,Party Couture,12985,3.99,4.99,unité (1x8un),,https://mayrand.ca/fr/nos-produits/emballage/vaisselle-jetable/vaisselle-jetable/bol-avec-couvercle-clair-moyen-carre-12985,https://341647818.fs1.hubspotusercontent-na3.net/hubfs/341647818/EMBALLAGE/12985%20Bol%20avec%20couvercle%20clair%20moyen%20carr%C3%A9%20PARTY%20COUTURE.jpg,,2026-01-01T04:19:41.718Z
mayrand,onsale,Fourchette service claire 4 un,Party Couture,12986,1.19,1.49,unité (1x4un),,https://mayrand.ca/fr/nos-produits/emballage/vaisselle-jetable/ustensile-jetable/fourchette-service-claire-12986,https://341647818.fs1.hubspotusercontent-na3.net/hubfs/341647818/EMBALLAGE/12986%20Fourchette%20service%20claire%20PARTY%20COUTURE.jpg,,2026-01-01T04:19:41.718Z
mayrand,onsale,Bonbon Halloween assortis 899 g,Ferrara,12988,11.99,15.99,unité (1x899g),,https://mayrand.ca/fr/nos-produits/epicerie/confiserie/bonbon/bonbon-halloween-assortis-12988,https://341647818.fs1.hubspotusercontent-na3.net/hubfs/341647818/CatalogProductImages/%C3%89picerie/12988%20Friandises%20assorties%2090un%20Ferrara.jpg,,2026-01-01T04:19:41.718Z
mayrand,onsale,Verre dessert carré incliné 8 un,Party Couture,12989,2.23,2.79,unité (1x8un),,https://mayrand.ca/fr/nos-produits/emballage/vaisselle-jetable/verre-jetable/verre-dessert-carre-incline-12989,https://341647818.fs1.hubspotusercontent-na3.net/hubfs/341647818/EMBALLAGE/12989%20Verre%20dessert%20carr%C3%A9%20inclin%C3%A9%20PARTY%20COUTURE.jpg,,2026-01-01T04:19:41.718Z
mayrand,onsale,Verrine carrée avec couvercle 2.3 oz 10 un,Party Couture,12991,1.99,2.49,unité (1x10un),,https://mayrand.ca/fr/nos-produits/emballage/vaisselle-jetable/verre-jetable/verrine-carree-avec-couvercle-23oz-12991,https://341647818.fs1.hubspotusercontent-na3.net/hubfs/341647818/raw_assets/public/MAYRAND-P3-CHILD-THEME/images/icons-modules/placeHolderProduct.png,,2026-01-01T04:19:41.718Z
mayrand,onsale,Verre vin clair bande or 12 oz 5 un,Party Couture,12993,9.59,11.99,unité (1x5un),,https://mayrand.ca/fr/nos-produits/emballage/vaisselle-jetable/verre-jetable/verre-vin-clair-bande-or-12oz-12993,https://341647818.fs1.hubspotusercontent-na3.net/hubfs/341647818/EMBALLAGE/12993%20Verre%20vin%20clair%20bande%20or%2012oz%20PARTY%20COUTURE.jpg,,2026-01-01T04:19:41.718Z
mayrand,onsale,Coupe mousse carrée claire 10 un,Party Couture,12995,2.23,2.79,unité (1x10un),,https://mayrand.ca/fr/nos-produits/emballage/vaisselle-jetable/verre-jetable/coupe-mousse-carree-claire-12995,https://341647818.fs1.hubspotusercontent-na3.net/hubfs/341647818/EMBALLAGE/12995%20Coupe%20mousse%20carr%C3%A9e%20claire%20PARTY%20COUTURE.jpg,,2026-01-01T04:19:41.718Z
mayrand,onsale,Coupe mousse torsade claire 10 un,Party Couture,12996,1.91,2.39,unité (1x10un),,https://mayrand.ca/fr/nos-produits/emballage/vaisselle-jetable/verre-jetable/coupe-mousse-torsade-claire-12996,https://341647818.fs1.hubspotusercontent-na3.net/hubfs/341647818/EMBALLAGE/12996%20Coupe%20mousse%20torsade%20PARTY%20COUTURE.jpg,,2026-01-01T04:19:41.718Z
mayrand,onsale,13105,,13105,60,79.99,unité (1x3kg),,https://mayrand.ca/fr/nos-produits/epicerie/panettone/panier-cadeau-panettone-sofia-13105,https://341647818.fs1.hubspotusercontent-na3.net/hubfs/341647818/CatalogProductImages/%C3%89picerie/13105%20Panier%20cadeau%20vert%201s%20Sofia.jpg,,2026-01-01T04:19:41.718Z
mayrand,onsale,13107,,13107,45,59.99,unité (1x3kg),,https://mayrand.ca/fr/nos-produits/epicerie/panettone/panier-cadeau-panettone-tortino-13107,https://341647818.fs1.hubspotusercontent-na3.net/hubfs/341647818/CatalogProductImages/%C3%89picerie/13107%20panier%20cadeau%20Tortino%201S%20derriere.jpg,,2026-01-01T04:19:41.718Z
mayrand,onsale,13108,,13108,60,79.99,unité (1x3kg),,https://mayrand.ca/fr/nos-produits/epicerie/panettone/panier-cadeau-panettone-contea-13108,https://341647818.fs1.hubspotusercontent-na3.net/hubfs/341647818/CatalogProductImages/%C3%89picerie/13108%20Panier%20cadeau%20bleu%201s%20Contea.jpg,,2026-01-01T04:19:41.718Z
mayrand,onsale,Cornichons sucrés épicés 1 L,Brine,13114,4.39,4.89,unité (1x1L),,https://mayrand.ca/fr/nos-produits/epicerie/marinade/cornichon-et-oignon/cornichon-sucre-epice-13114,https://341647818.fs1.hubspotusercontent-na3.net/hubfs/341647818/CatalogProductImages/%C3%89picerie/13114%20cornichons%20sucr%C3%A9s%20%C3%A9pic%C3%A9s%2012x1lt%20BRINE.jpg,,2026-01-01T04:19:41.718Z
mayrand,onsale,Fromage boîte festive 438 g,Chalet Gourmet,13132,9.99,15.99,unité (1x438g),,https://mayrand.ca/fr/nos-produits/produits-laitiers/fromage/fromage-de-specialite/fromage-boite-festive-13132,https://341647818.fs1.hubspotusercontent-na3.net/hubfs/341647818/PRODUITS%20LAITIERS/13132%20Fromage%20boite%20festive%206x438g%20-%20Chalet%20Goumet.jpg,,2026-01-01T04:19:49.012Z
mayrand,onsale,"Cadeau Noël valigetta hexagonale 2,4 kg",Tarall'oro,13180,17.49,22.99,unité (1x2.4kg),,https://mayrand.ca/fr/nos-produits/epicerie/autre/cadeau-noel-valigetta-hexagonale-13180,https://341647818.fs1.hubspotusercontent-na3.net/hubfs/341647818/13180%20pates%20emballage%20cadeau%20hexagonal%20-%203x2.4kg-%20TARALLoro.jpg,,2026-01-01T04:19:49.012Z
mayrand,onsale,Bretzel sésame noir & blanc 300 g,Elephant,13205,4.99,5.99,unité (1x300g),,https://mayrand.ca/fr/nos-produits/epicerie/croustille-et-grignotine/grignotine/bretzel-sesame-noir-blanc-13205,https://341647818.fs1.hubspotusercontent-na3.net/hubfs/341647818/CatalogProductImages/%C3%89picerie/13205%20Bretzel%20s%C3%A9same%20noir%20&%20blanc%20-%2012x300gr%20ELEPHANT.pdf.jpg,,2026-01-01T04:19:49.012Z
mayrand,onsale,Bretzel tomates & herbes 270 g,Elephant,13207,4.99,5.99,unité (1x270g),,https://mayrand.ca/fr/nos-produits/epicerie/croustille-et-grignotine/grignotine/bretzel-tomates-herbes-13207,https://341647818.fs1.hubspotusercontent-na3.net/hubfs/341647818/CatalogProductImages/%C3%89picerie/Capture%20d%E2%80%99%C3%A9cran%202025-11-19%20155645.jpg,,2026-01-01T04:19:49.012Z
mayrand,onsale,Petit panier Noël 2 kg,Deci,13295,20,26.99,unité (1x2kg),,https://mayrand.ca/fr/nos-produits/epicerie/autre/panier-noel-petit-13295,https://341647818.fs1.hubspotusercontent-na3.net/hubfs/341647818/raw_assets/public/MAYRAND-P3-CHILD-THEME/images/icons-modules/placeHolderProduct.png,,2026-01-01T04:19:49.012Z
mayrand,onsale,"Pommes de terre blanches tranchées 2,84 L",Banquet,13678,7.89,8.89,unité (1x2.84L),,https://mayrand.ca/fr/nos-produits/epicerie/legume-en-conserve/legumes/pommes-de-terre-blanches-tranchees-13678,https://341647818.fs1.hubspotusercontent-na3.net/hubfs/341647818/CatalogProductImages/%C3%89picerie/13678%20pommes%20de%20terre%20blanches%20tranch%C3%A9es%206x2.84lt%20BANQUET.jpg,,2026-01-01T04:19:49.012Z
mayrand,onsale,"Pommes de terre blanches entières 2,84 L",Banquet,13679,7.89,9.29,unité (1x2.84L),,https://mayrand.ca/fr/nos-produits/epicerie/legume-en-conserve/legumes/pommes-de-terre-blanches-entieres-13679,https://341647818.fs1.hubspotusercontent-na3.net/hubfs/341647818/CatalogProductImages/%C3%89picerie/13679%20pommes%20de%20terre%20blanches%20enti%C3%A8res%206x2.84lt%20BANQUET.jpg,,2026-01-01T04:19:49.012Z
mayrand,onsale,Oeuf blanc gros 30 un,Ferme Burnbrae,13699,8.99,10.49,unité (1x30un),,https://mayrand.ca/fr/nos-produits/produits-laitiers/oeuf/oeuf-blanc-gros-13699,https://341647818.fs1.hubspotusercontent-na3.net/hubfs/341647818/raw_assets/public/MAYRAND-P3-CHILD-THEME/images/icons-modules/placeHolderProduct.png,,2026-01-01T04:19:49.012Z
mayrand,onsale,Eau de source naturelle,Naya,13735,4.99,6.29,caisse (35x500ml),,https://mayrand.ca/fr/nos-produits/boisson/eau/eau-plate/eau-de-source-naturelle-13735,https://341647818.fs1.hubspotusercontent-na3.net/hubfs/341647818/raw_assets/public/MAYRAND-P3-CHILD-THEME/images/icons-modules/placeHolderProduct.png,,2026-01-01T04:19:49.012Z
mayrand,onsale,Huile d'olive extra vierge 1 L,Reginelli ou Villa Toscanella,13748,9.99,12.99,unité (1x1L),,https://mayrand.ca/fr/nos-produits/epicerie/huile-et-vinaigre/huile-dolive/huile-dolive-extra-vierge-13748,https://341647818.fs1.hubspotusercontent-na3.net/hubfs/341647818/CatalogProductImages/%C3%89picerie/13748%20huile%20dolive%20extra%20vierge%2012x1lt%20REGINELLI.png,,2026-01-01T04:19:49.012Z
mayrand,onsale,Croustilles Rip-L crème sûre oignon vert 235 g,Old Dutch,13932,3.29,4.69,unité (1x235g),,https://mayrand.ca/fr/nos-produits/epicerie/croustille-et-grignotine/croustille/croustilles-rip-l-creme-sure-oignon-vert-13932,https://341647818.fs1.hubspotusercontent-na3.net/hubfs/341647818/raw_assets/public/MAYRAND-P3-CHILD-THEME/images/icons-modules/placeHolderProduct.png,,2026-01-01T04:19:49.012Z
mayrand,onsale,Gâteau sandwich red velvet fromage crème 48 un,Top-Dessert,14041,35.99,39.99,caisse (1x48un),,https://mayrand.ca/fr/nos-produits/surgele/patisserie-surgelee/gateau-et-tarte-surgeles/gateau-sandwich-red-velvet-fromage-creme-14041,https://341647818.fs1.hubspotusercontent-na3.net/hubfs/341647818/SURGELE/13379%20frites%20bistro%20quartiers%20savoureuz%206x1.45kg%20MCCAIN.png,,2026-01-01T04:19:49.012Z
mayrand,onsale,Gâteau sandwich chocolat 48 un,Top-Dessert,14044,35.99,39.99,caisse (1x48un),,https://mayrand.ca/fr/nos-produits/surgele/patisserie-surgelee/gateau-et-tarte-surgeles/gateau-sandwich-chocolat-14044,https://341647818.fs1.hubspotusercontent-na3.net/hubfs/341647818/SURGELE/14044%20G%C3%A2teau%20sandwich%20choco%20TOP%20DESSERT.png,,2026-01-01T04:19:49.012Z
mayrand,onsale,Gâteau sandwich chocolat vanille 48 un,Top-Dessert,14056,35.99,39.99,caisse (1x48un),,https://mayrand.ca/fr/nos-produits/surgele/patisserie-surgelee/gateau-et-tarte-surgeles/gateau-sandwich-chocolat-vanille-14056,https://341647818.fs1.hubspotusercontent-na3.net/hubfs/341647818/SURGELE/14056%20G%C3%A2teau%20sandwich%20choco%20vanille%20TOP%20DESSERT.png,,2026-01-01T04:19:49.012Z
mayrand,onsale,Gâteau carotte 485 g,Top-Dessert,14060,7.49,8.99,unité (1x485g),,https://mayrand.ca/fr/nos-produits/surgele/patisserie-surgelee/gateau-et-tarte-surgeles/gateau-carotte-14060,https://341647818.fs1.hubspotusercontent-na3.net/hubfs/341647818/SURGELE/14060%20g%C3%A2teau%20aux%20carottes%2012x485gr%20TOP%20DESSERT.JPG.png,,2026-01-01T04:19:49.012Z
mayrand,onsale,Verre à vin Amber 6 un,Safdie,14067,7.49,8.99,unité (1x6un),,https://mayrand.ca/fr/nos-produits/article-de-cuisine/verrerie/verre-a-breuvage/verre-a-vin-amber-14067,https://341647818.fs1.hubspotusercontent-na3.net/hubfs/341647818/raw_assets/public/MAYRAND-P3-CHILD-THEME/images/icons-modules/placeHolderProduct.png,,2026-01-01T04:19:49.012Z
mayrand,onsale,Tasse verre trempé à latté 2 un,Safdie,14070,3.5,3.99,unité (1x2un),,https://mayrand.ca/fr/nos-produits/article-de-cuisine/verrerie/verre-a-breuvage/tasse-verre-trempe-a-latte-14070,https://341647818.fs1.hubspotusercontent-na3.net/hubfs/341647818/raw_assets/public/MAYRAND-P3-CHILD-THEME/images/icons-modules/placeHolderProduct.png,,2026-01-01T04:19:49.012Z
mayrand,onsale,Fromage fondue seau Swiss Knight 4 kg,Emmi,14080,99.99,106.99,unité (1x4kg),,https://mayrand.ca/fr/nos-produits/produits-laitiers/fromage/raclette-et-fondue/fromage-fondue-seau-swiss-knight-14080,https://341647818.fs1.hubspotusercontent-na3.net/hubfs/341647818/raw_assets/public/MAYRAND-P3-CHILD-THEME/images/icons-modules/placeHolderProduct.png,,2026-01-01T04:19:49.012Z
mayrand,onsale,Couronne de crevettes 26/30 170 g,Blue Tide,14236,5.73,7.29,unité (1x170g),,https://mayrand.ca/fr/nos-produits/surgele/fruit-de-mer-surgele/crevette-cuite-surgelee/couronne-de-crevettes-2630-14236,https://341647818.fs1.hubspotusercontent-na3.net/hubfs/341647818/14236%20Couronne%20de%20crevettes%2026_30%20BLUE%20TIDE%20(2).png,,2026-01-01T04:19:49.012Z
mayrand,onsale,Bière Red Stripe 6 x 330 ml,Red Stripe,14392,13.99,14.99,unité (1x6x330ml),,https://mayrand.ca/fr/nos-produits/boisson/vin-et-biere/biere-red-stripe-14392,https://341647818.fs1.hubspotusercontent-na3.net/hubfs/341647818/raw_assets/public/MAYRAND-P3-CHILD-THEME/images/icons-modules/placeHolderProduct.png,,2026-01-01T04:19:49.012Z
mayrand,onsale,Panettone traditionnel,Dei Fiori,14867,6.49,8.29,unité (1x800g),,https://mayrand.ca/fr/nos-produits/epicerie/panettone/panettone-traditionnel-14867,https://341647818.fs1.hubspotusercontent-na3.net/hubfs/341647818/raw_assets/public/MAYRAND-P3-CHILD-THEME/images/icons-modules/placeHolderProduct.png,,2026-01-01T04:19:49.012Z
mayrand,onsale,Pandoro cello,Dei Fiori,14868,6.49,8.49,unité (1x700g),,https://mayrand.ca/fr/nos-produits/epicerie/panettone/pandoro-cello-14868,https://341647818.fs1.hubspotusercontent-na3.net/hubfs/341647818/raw_assets/public/MAYRAND-P3-CHILD-THEME/images/icons-modules/placeHolderProduct.png,,2026-01-01T04:19:49.012Z
mayrand,onsale,Panettone mini,Valentino,17311,2.19,2.99,unité (1x100g),,https://mayrand.ca/fr/nos-produits/epicerie/panettone/panettone-mini-17311,https://341647818.fs1.hubspotusercontent-na3.net/hubfs/341647818/raw_assets/public/MAYRAND-P3-CHILD-THEME/images/icons-modules/placeHolderProduct.png,,2026-01-01T04:19:49.012Z
mayrand,onsale,Hummus chipotle 227 g,Fontaine Santé,18140,3.49,4.49,unité (227g),,https://mayrand.ca/fr/nos-produits/charcuterie/pret-a-manger/hummus-et-trempette/hummus-chipotle-fontaine-sante-18140,https://341647818.fs1.hubspotusercontent-na3.net/hubfs/341647818/CatalogProductImages/fr/18140/image-1.jpg,,2026-01-01T04:19:49.012Z
mayrand,onsale,Hummus jalapeños rôtis 255 g,Fontaine Santé,18146,3.49,4.49,unité (255g),,https://mayrand.ca/fr/nos-produits/charcuterie/pret-a-manger/hummus-et-trempette/hummus-aux-jalapenos-rotis-fontaine-sante-18146,https://341647818.fs1.hubspotusercontent-na3.net/hubfs/341647818/CatalogProductImages/fr/18146/image-1.jpg,,2026-01-01T04:19:49.012Z
mayrand,onsale,"Demi prosciutto sec 2,5 kg",Johnny,20778,18.99,47.47,unité (2.5 kg),,https://mayrand.ca/fr/nos-produits/charcuterie/prosciutto/demi-prosciutto-sec-johnny-20778,https://341647818.fs1.hubspotusercontent-na3.net/hubfs/341647818/CatalogProductImages/fr/20778/image-1.jpg,,2026-01-01T04:19:49.012Z
mayrand,onsale,22058,,22058,18.99,20.99,caisse (22.68kg),,https://mayrand.ca/fr/nos-produits/fruits-et-legumes/legumes/pomme-de-terre/patate-chef-blanche-22058,https://341647818.fs1.hubspotusercontent-na3.net/hubfs/341647818/CatalogProductImages/fr/22058/image-1.jpg,,2026-01-01T04:19:49.012Z
mayrand,onsale,Mini fourchette plastique blanc x20,Party Couture,22773,1.02,1.29,unité (1x20un),,https://mayrand.ca/fr/nos-produits/emballage/vaisselle-jetable/ustensile-jetable/mini-fourchettes-blanches-party-couture-22773,https://341647818.fs1.hubspotusercontent-na3.net/hubfs/341647818/CatalogProductImages/fr/22773/image-1.jpg,,2026-01-01T04:19:55.943Z
mayrand,onsale,Mini cuillère plastique argent x20,Party Couture,22774,1.03,1.29,unité (1x20un),,https://mayrand.ca/fr/nos-produits/emballage/vaisselle-jetable/ustensile-jetable/mini-cuilleres-argentes-party-couture-22774,https://341647818.fs1.hubspotusercontent-na3.net/hubfs/341647818/CatalogProductImages/fr/22774/image-1.jpg,,2026-01-01T04:19:55.943Z
mayrand,onsale,Mini fourchette plastique argent x20,Party Couture,22776,1.03,1.29,unité (1x20un),,https://mayrand.ca/fr/nos-produits/emballage/vaisselle-jetable/ustensile-jetable/mini-fourchettes-argentes-party-couture-22776,https://341647818.fs1.hubspotusercontent-na3.net/hubfs/341647818/CatalogProductImages/fr/22776/image-1.jpg,,2026-01-01T04:19:55.943Z
mayrand,onsale,Mini cuillère plastique blanc x20,Party Couture,22777,1.02,1.29,unité (1x20un),,https://mayrand.ca/fr/nos-produits/emballage/vaisselle-jetable/ustensile-jetable/mini-cuilleres-blanches-party-couture-22777,https://341647818.fs1.hubspotusercontent-na3.net/hubfs/341647818/CatalogProductImages/fr/22777/image-1.jpg,,2026-01-01T04:19:55.943Z
mayrand,onsale,Mini cuillère plastique transparent x100,Party Couture,22793,2.3,2.89,unité (1x100un),,https://mayrand.ca/fr/nos-produits/emballage/vaisselle-jetable/ustensile-jetable/mini-cuilleres-transparentes-party-couture-22793,https://341647818.fs1.hubspotusercontent-na3.net/hubfs/341647818/CatalogProductImages/fr/22793/image-1.jpg,,2026-01-01T04:19:55.943Z
mayrand,onsale,Pains bagels au sésame x12,St-Viateur,24482,11.99,13.59,unité (1x12un),,https://mayrand.ca/fr/nos-produits/boulangerie/bagel/bagels-au-sesame-st-viateur-24482,https://341647818.fs1.hubspotusercontent-na3.net/hubfs/341647818/CatalogProductImages/fr/24482/image-1.jpg,,2026-01-01T04:19:55.943Z
mayrand,onsale,Panettone gianduia,Valentino,24662,11.49,15.29,unité (1x750g),,https://mayrand.ca/fr/nos-produits/epicerie/panettone/panettone-gianduia-24662,https://341647818.fs1.hubspotusercontent-na3.net/hubfs/341647818/raw_assets/public/MAYRAND-P3-CHILD-THEME/images/icons-modules/placeHolderProduct.png,,2026-01-01T04:19:55.943Z
mayrand,onsale,Nappe restauration charcoal 52 po x 70 po,Julia,24985,10.19,11.99,unité (1un),,https://mayrand.ca/fr/nos-produits/article-de-cuisine/serviette-et-nappe/nappe/nappe-julia-charcoal-52x70-julia-24985,https://341647818.fs1.hubspotusercontent-na3.net/hubfs/341647818/CatalogProductImages/fr/24985/image-1.jpg,,2026-01-01T04:19:55.943Z
mayrand,onsale,Nappe restauration rouge 52 po x 70 po,Julia,24986,10.19,11.99,unité (1un),,https://mayrand.ca/fr/nos-produits/article-de-cuisine/serviette-et-nappe/nappe/nappe-julia-rouge-52x70-julia-24986,https://341647818.fs1.hubspotusercontent-na3.net/hubfs/341647818/CatalogProductImages/fr/24986/image-1.jpg,,2026-01-01T04:19:55.943Z
mayrand,onsale,Nappe restauration noire 52 po x 70 po,Julia,24987,10.19,11.99,unité (1un),,https://mayrand.ca/fr/nos-produits/article-de-cuisine/serviette-et-nappe/nappe/nappe-julia-noire-52x70-julia-24987,https://341647818.fs1.hubspotusercontent-na3.net/hubfs/341647818/CatalogProductImages/fr/24987/image-1.jpg,,2026-01-01T04:19:55.943Z
mayrand,onsale,Nappe restauration blanche 52 po x 70 po,Julia,24988,10.19,11.99,unité (1un),,https://mayrand.ca/fr/nos-produits/article-de-cuisine/serviette-et-nappe/nappe/nappe-julia-blanche-52x70-julia-24988,https://341647818.fs1.hubspotusercontent-na3.net/hubfs/341647818/CatalogProductImages/fr/24988/image-1.jpg,,2026-01-01T04:19:55.943Z
mayrand,onsale,Nappe restauration charcoal 60 po x 84 po,Julia,24989,11.89,13.99,unité (1un),,https://mayrand.ca/fr/nos-produits/article-de-cuisine/serviette-et-nappe/nappe/nappe-julia-charcoal-60x84-julia-24989,https://341647818.fs1.hubspotusercontent-na3.net/hubfs/341647818/CatalogProductImages/fr/24989/image-1.jpg,,2026-01-01T04:19:55.943Z
mayrand,onsale,Nappe restauration rouge 60 po x 84 po,Julia,24995,11.89,13.99,unité (1un),,https://mayrand.ca/fr/nos-produits/article-de-cuisine/serviette-et-nappe/nappe/nappe-julia-rouge-60x84-julia-24995,https://341647818.fs1.hubspotusercontent-na3.net/hubfs/341647818/CatalogProductImages/fr/24995/image-1.jpg,,2026-01-01T04:19:55.943Z
mayrand,onsale,Nappe restauration noire 60 po x 84 po,Julia,24996,11.89,13.99,unité (1un),,https://mayrand.ca/fr/nos-produits/article-de-cuisine/serviette-et-nappe/nappe/nappe-julia-noire-60x84-julia-24996,https://341647818.fs1.hubspotusercontent-na3.net/hubfs/341647818/CatalogProductImages/fr/24996/image-1.jpg,,2026-01-01T04:19:55.943Z
mayrand,onsale,Nappe restauration blanche 60 po x 84 po,Julia,24997,11.89,13.99,unité (1un),,https://mayrand.ca/fr/nos-produits/article-de-cuisine/serviette-et-nappe/nappe/nappe-julia-blanche-60x84-julia-24997,https://341647818.fs1.hubspotusercontent-na3.net/hubfs/341647818/CatalogProductImages/fr/24997/image-1.jpg,,2026-01-01T04:19:55.943Z
mayrand,onsale,Nappe restauration noire 60 po x 144 po,Julia,25007,19.54,22.99,unité (1un),,https://mayrand.ca/fr/nos-produits/article-de-cuisine/serviette-et-nappe/nappe/nappe-julia-noire-60x144-julia-25007,https://341647818.fs1.hubspotusercontent-na3.net/hubfs/341647818/CatalogProductImages/fr/25007/image-1.jpg,,2026-01-01T04:19:55.943Z
mayrand,onsale,Nappe ronde restauration charcoal 70 po,Julia,25009,11.89,13.99,unité (1un),,https://mayrand.ca/fr/nos-produits/article-de-cuisine/serviette-et-nappe/nappe/nappe-ronde-julia-charcoal-70-julia-25009,https://341647818.fs1.hubspotusercontent-na3.net/hubfs/341647818/CatalogProductImages/fr/25009/image-1.jpg,,2026-01-01T04:19:55.943Z
mayrand,onsale,Nappe ronde restauration rouge 70 po x 70 po,Julia,25010,11.89,13.99,unité (1un),,https://mayrand.ca/fr/nos-produits/article-de-cuisine/serviette-et-nappe/nappe/nappe-ronde-julia-rouge-70-julia-25010,https://341647818.fs1.hubspotusercontent-na3.net/hubfs/341647818/CatalogProductImages/fr/25010/image-1.jpg,,2026-01-01T04:19:55.943Z
mayrand,onsale,Nappe restauration ronde noire 70 po,Julia,25011,11.89,13.99,unité (1un),,https://mayrand.ca/fr/nos-produits/article-de-cuisine/serviette-et-nappe/nappe/nappe-julia-ronde-noire-70-julia-25011,https://341647818.fs1.hubspotusercontent-na3.net/hubfs/341647818/CatalogProductImages/fr/25011/image-1.jpg,,2026-01-01T04:19:55.943Z
mayrand,onsale,Nappe ronde restauration blanche 70 po,Julia,25012,11.89,13.99,unité (1un),,https://mayrand.ca/fr/nos-produits/article-de-cuisine/serviette-et-nappe/nappe/nappe-ronde-julia-blanche-70-julia-25012,https://341647818.fs1.hubspotusercontent-na3.net/hubfs/341647818/CatalogProductImages/fr/25012/image-1.jpg,,2026-01-01T04:19:55.943Z
mayrand,onsale,Nappe carrée restauration noire 70 po,Julia,25013,12.74,14.99,unité (1un),,https://mayrand.ca/fr/nos-produits/article-de-cuisine/serviette-et-nappe/nappe/nappe-carree-julia-noire-70-julia-25013,https://341647818.fs1.hubspotusercontent-na3.net/hubfs/341647818/CatalogProductImages/fr/25013/image-1.jpg,,2026-01-01T04:19:55.943Z
mayrand,onsale,Nappe carrée restauration blanche 70 po,Julia,25014,12.74,14.99,unité (1un),,https://mayrand.ca/fr/nos-produits/article-de-cuisine/serviette-et-nappe/nappe/nappe-carree-julia-blanche-70x70-julia-25014,https://341647818.fs1.hubspotusercontent-na3.net/hubfs/341647818/CatalogProductImages/fr/25014/image-1.jpg,,2026-01-01T04:19:55.943Z
mayrand,onsale,Danoise cerise et yogourt grec 6 x 115 g,Bridor,25039,10.49,13.29,unité (6X115G),,https://mayrand.ca/fr/nos-produits/surgele/boulangerie-surgelee/viennoiserie-surgelee/danoise-cerise-et-yogourt-grec-surgelee-bridor-25039,https://341647818.fs1.hubspotusercontent-na3.net/hubfs/341647818/CatalogProductImages/fr/25039/image-1.jpg,,2026-01-01T04:19:55.943Z
mayrand,onsale,"Nappe carrée Julia blanche 54""x54""",Julia,25051,6.87,9.99,unité (1un),,https://mayrand.ca/fr/nos-produits/article-de-cuisine/serviette-et-nappe/nappe/nappe-carree-julia-blanche-54x54-25051,https://341647818.fs1.hubspotusercontent-na3.net/hubfs/341647818/raw_assets/public/MAYRAND-P3-CHILD-THEME/images/icons-modules/placeHolderProduct.png,,2026-01-01T04:19:55.943Z
mayrand,onsale,Danoises aux pommes 113 g,Bridor,25827,9.49,11.29,unité (6x113g),,https://mayrand.ca/fr/nos-produits/surgele/boulangerie-surgelee/viennoiserie-surgelee/danoise-aux-pommes-surgelee-bridor-25827,https://341647818.fs1.hubspotusercontent-na3.net/hubfs/341647818/CatalogProductImages/fr/25827/image-1.jpg,,2026-01-01T04:19:55.943Z
mayrand,onsale,Oeuf brun moyen biologique,Ferme Burnbrae,26200,5.99,7.99,unité (1x12un),,https://mayrand.ca/fr/nos-produits/produits-laitiers/oeuf/oeuf-brun-moyen-biologique-26200,https://341647818.fs1.hubspotusercontent-na3.net/hubfs/341647818/raw_assets/public/MAYRAND-P3-CHILD-THEME/images/icons-modules/placeHolderProduct.png,,2026-01-01T04:19:55.943Z
mayrand,onsale,26659,,26659,4.99,5.99,caisse (4.54kg),,https://mayrand.ca/fr/nos-produits/fruits-et-legumes/legumes/pomme-de-terre/patate-jaune-26659,https://341647818.fs1.hubspotusercontent-na3.net/hubfs/341647818/CatalogProductImages/fr/26659/image-1.jpg,,2026-01-01T04:19:55.943Z
mayrand,onsale,26785,,26785,14.99,16.99,caisse (5kg),,https://mayrand.ca/fr/nos-produits/fruits-et-legumes/legumes/tomate/tomate-vigne-rouge-cs-26785,https://341647818.fs1.hubspotusercontent-na3.net/hubfs/341647818/CatalogProductImages/fr/26785/image-1.jpg,,2026-01-01T04:19:55.943Z
mayrand,onsale,27372,,27372,19.99,22.99,caisse (22.68kg),,https://mayrand.ca/fr/nos-produits/fruits-et-legumes/legumes/pomme-de-terre/patate-chef-jaune-27372,https://341647818.fs1.hubspotusercontent-na3.net/hubfs/341647818/CatalogProductImages/fr/27372/image-1.jpg,,2026-01-01T04:19:55.943Z
mayrand,onsale,Café moulu filtre équilibré 1 kg,Hortus,27566,20.99,25.49,unité (1kg),,https://mayrand.ca/fr/nos-produits/boisson/cafe-the-et-chocolat/cafe-moulu/cafe-moulu-filtre-equilibre-hortus-27566,https://341647818.fs1.hubspotusercontent-na3.net/hubfs/341647818/CatalogProductImages/fr/27566/image-1.jpg,,2026-01-01T04:19:55.943Z
mayrand,onsale,Café en grains espresso équilibré 1 kg,Hortus,27571,20.99,25.49,unité (1x1kg),,https://mayrand.ca/fr/nos-produits/boisson/cafe-the-et-chocolat/cafe-en-grain/cafe-grain-espresso-equilibre-hortus-27571,https://341647818.fs1.hubspotusercontent-na3.net/hubfs/341647818/CatalogProductImages/fr/27571/image-1.jpg,,2026-01-01T04:19:55.943Z
mayrand,onsale,Bol carré en plastique blanc x8,Party Couture,27779,2.23,2.79,unité (8un),,https://mayrand.ca/fr/nos-produits/emballage/contenant-jetable/contenant-plastique/bol-blanc-carre-party-couture-27779,https://341647818.fs1.hubspotusercontent-na3.net/hubfs/341647818/CatalogProductImages/fr/27779/image-1.jpg,,2026-01-01T04:19:55.943Z
mayrand,onsale,Bol carré en plastique transparent x8,Party Couture,27780,2.39,2.99,unité (1x8un),,https://mayrand.ca/fr/nos-produits/emballage/contenant-jetable/contenant-plastique/bols-transparents-carre-party-couture-27780,https://341647818.fs1.hubspotusercontent-na3.net/hubfs/341647818/CatalogProductImages/fr/27780/image-1.jpg,,2026-01-01T04:19:55.943Z
mayrand,onsale,Assiette petit four plastique blanc carrée x12,Party Couture,27787,2.38,2.99,unité (1x12un),,https://mayrand.ca/fr/nos-produits/emballage/vaisselle-jetable/assiette-jetable/assiettes-blanches-carree-pour-petits-fours-party-couture-27787,https://341647818.fs1.hubspotusercontent-na3.net/hubfs/341647818/CatalogProductImages/fr/27787/image-1.jpg,,2026-01-01T04:19:55.943Z
mayrand,onsale,Assiette petit four plastique translucide carrée x12,Party Couture,27788,2.38,2.99,unité (1x12un),,https://mayrand.ca/fr/nos-produits/emballage/vaisselle-jetable/assiette-jetable/assiettes-transparentes-carrees-pour-petits-fours-party-couture-27788,https://341647818.fs1.hubspotusercontent-na3.net/hubfs/341647818/CatalogProductImages/fr/27788/image-1.jpg,,2026-01-01T04:19:55.943Z
mayrand,onsale,Verrine plastique carré x8,Party Couture,27792,1.91,2.39,unité (1x8un),,https://mayrand.ca/fr/nos-produits/emballage/contenant-jetable/contenant-plastique/verrines-hautes-carre-transparents-party-couture-27792,https://341647818.fs1.hubspotusercontent-na3.net/hubfs/341647818/CatalogProductImages/fr/27792/image-1.jpg,,2026-01-01T04:19:55.943Z
mayrand,onsale,"Bol à salade carré en plastique 25,4 cm x 25,4 cm / 10''x10'' x1",Party Couture,29084,2.39,2.99,unité (1un),,https://mayrand.ca/fr/nos-produits/emballage/contenant-jetable/contenant-plastique/bol-a-salade-carre-10x10-party-couture-29084,https://341647818.fs1.hubspotusercontent-na3.net/hubfs/341647818/CatalogProductImages/fr/29084/image-1.jpg,,2026-01-01T04:20:03.191Z
mayrand,onsale,Hummus traditionnel 454 g,Fontaine Santé,30376,4.99,6.49,unité (454g),,https://mayrand.ca/fr/nos-produits/charcuterie/pret-a-manger/hummus-et-trempette/hummus-traditionnel-fontaine-sante-30376,https://341647818.fs1.hubspotusercontent-na3.net/hubfs/341647818/CatalogProductImages/fr/30376/image-1.jpg,,2026-01-01T04:20:03.191Z
mayrand,onsale,Trempette épinard 420 g,Fontaine Santé,30383,4.99,6.99,unité (1x420G),,https://mayrand.ca/fr/nos-produits/charcuterie/pret-a-manger/hummus-et-trempette/trempette-epinard-30383,https://341647818.fs1.hubspotusercontent-na3.net/hubfs/341647818/CHARCUTERIE/30383%20Trempette%20%C3%A9pinard%2012x420g%20-%20Fontaine%20Sant%C3%A9.jpg.jpg,,2026-01-01T04:20:03.191Z
mayrand,onsale,Épaississant alimentaire instantanné Consistaide,Berthelet,31087,35.99,52.99,unité (1.25kg),,https://mayrand.ca/fr/nos-produits/epicerie/sauce/sauce-deshydratee/epaississant-alimentaire-instantanne-consistaide-31087,https://341647818.fs1.hubspotusercontent-na3.net/hubfs/341647818/raw_assets/public/MAYRAND-P3-CHILD-THEME/images/icons-modules/placeHolderProduct.png,,2026-01-01T04:20:03.191Z
mayrand,onsale,Oeuf gros biologique,Ferme Burnbrae,31435,6.49,8.49,unité (1x12un),,https://mayrand.ca/fr/nos-produits/produits-laitiers/oeuf/oeuf-gros-biologique-31435,https://341647818.fs1.hubspotusercontent-na3.net/hubfs/341647818/raw_assets/public/MAYRAND-P3-CHILD-THEME/images/icons-modules/placeHolderProduct.png,,2026-01-01T04:20:03.191Z
mayrand,onsale,Bûche Noël sucre à la crème,Michaud,32028,16.49,20.99,unité (1x720g),,https://mayrand.ca/fr/nos-produits/surgele/patisserie-surgelee/gateau-et-tarte-surgeles/buche-noel-sucre-a-la-creme-32028,https://341647818.fs1.hubspotusercontent-na3.net/hubfs/341647818/raw_assets/public/MAYRAND-P3-CHILD-THEME/images/icons-modules/placeHolderProduct.png,,2026-01-01T04:20:03.191Z
mayrand,onsale,Bûche Noël fudge,Michaud,32029,16.99,20.99,unité (1x720g),,https://mayrand.ca/fr/nos-produits/surgele/patisserie-surgelee/gateau-et-tarte-surgeles/buche-noel-fudge-32029,https://341647818.fs1.hubspotusercontent-na3.net/hubfs/341647818/raw_assets/public/MAYRAND-P3-CHILD-THEME/images/icons-modules/placeHolderProduct.png,,2026-01-01T04:20:03.191Z
mayrand,onsale,Verre martini plastique mini x6,Party Couture,32487,1.99,2.49,unité (6un),,https://mayrand.ca/fr/nos-produits/emballage/vaisselle-jetable/verre-jetable/verres-martini-mini-party-couture-32487,https://341647818.fs1.hubspotusercontent-na3.net/hubfs/341647818/CatalogProductImages/fr/32487/image-1.jpg,,2026-01-01T04:20:03.191Z
mayrand,onsale,Verre shooter plastique haut x6,Party Couture,32488,1.58,1.99,unité (6un),,https://mayrand.ca/fr/nos-produits/emballage/vaisselle-jetable/verre-jetable/verres-shooter-hauts-party-couture-32488,https://341647818.fs1.hubspotusercontent-na3.net/hubfs/341647818/CatalogProductImages/fr/32488/image-1.jpg,,2026-01-01T04:20:03.191Z
mayrand,onsale,Mini cuillère plastique transparent x40,Party Couture,32491,1.35,1.69,unité (40un),,https://mayrand.ca/fr/nos-produits/emballage/vaisselle-jetable/ustensile-jetable/mini-cuilleres-transparentes-x40-party-couture-32491,https://341647818.fs1.hubspotusercontent-na3.net/hubfs/341647818/CatalogProductImages/fr/32491/image-1.jpg,,2026-01-01T04:20:03.191Z
mayrand,onsale,Mini bol à dessert cylindrique en plastique transparent x10,Party Couture,32496,2.14,2.69,unité (10un),,https://mayrand.ca/fr/nos-produits/emballage/contenant-jetable/contenant-plastique/bol-dessert-transparent-cylindrique-mini-party-couture-32496,https://341647818.fs1.hubspotusercontent-na3.net/hubfs/341647818/CatalogProductImages/fr/32496/image-1.jpg,,2026-01-01T04:20:03.191Z
mayrand,onsale,Cuillère cocktail plastique transparent x12,Party Couture,32497,1.59,1.99,unité (12un),,https://mayrand.ca/fr/nos-produits/emballage/vaisselle-jetable/ustensile-jetable/cuillere-de-degustation-transparente-avec-support-party-couture-32497,https://341647818.fs1.hubspotusercontent-na3.net/hubfs/341647818/CatalogProductImages/fr/32497/image-1.jpg,,2026-01-01T04:20:03.191Z
mayrand,onsale,Mini plateau cocktail plastique transparent x24,Party Couture,32508,2.15,2.69,unité (24un),,https://mayrand.ca/fr/nos-produits/emballage/vaisselle-jetable/assiette-jetable/mini-plateau-rectangulaire-transparent-party-couture-32508,https://341647818.fs1.hubspotusercontent-na3.net/hubfs/341647818/CatalogProductImages/fr/32508/image-1.jpg,,2026-01-01T04:20:03.191Z
mayrand,onsale,Chocolat Ferrero Rocher,Ferrero,32607,10.49,12.99,unité (1x200g),,https://mayrand.ca/fr/nos-produits/epicerie/confiserie/chocolat/chocolat-ferrero-rocher-32607,https://341647818.fs1.hubspotusercontent-na3.net/hubfs/341647818/raw_assets/public/MAYRAND-P3-CHILD-THEME/images/icons-modules/placeHolderProduct.png,,2026-01-01T04:20:03.191Z
mayrand,onsale,Crevettes crues 26/30 surgelées 2 lb,Mirabel,33312,18.99,21.99,unité (1x907g),,https://mayrand.ca/fr/nos-produits/surgele/fruit-de-mer-surgele/crevette-crue-surgelee/crevettes-crues-2630-surgelees-mirabel-33312,https://341647818.fs1.hubspotusercontent-na3.net/hubfs/341647818/CatalogProductImages/fr/33312/image-1.jpg,,2026-01-01T04:20:03.191Z
mayrand,onsale,Bûche framboisier,Michaud,33647,16.49,20.99,unité (1x720g),,https://mayrand.ca/fr/nos-produits/surgele/patisserie-surgelee/gateau-et-tarte-surgeles/buche-framboisier-33647,https://341647818.fs1.hubspotusercontent-na3.net/hubfs/341647818/raw_assets/public/MAYRAND-P3-CHILD-THEME/images/icons-modules/placeHolderProduct.png,,2026-01-01T04:20:03.191Z
mayrand,onsale,"Nappe carrée Julia rouge 70""x70""",Arco,33819,12.74,14.99,unité (1un),,https://mayrand.ca/fr/nos-produits/article-de-cuisine/serviette-et-nappe/nappe/nappe-carree-julia-rouge-70x70-33819,https://341647818.fs1.hubspotusercontent-na3.net/hubfs/341647818/raw_assets/public/MAYRAND-P3-CHILD-THEME/images/icons-modules/placeHolderProduct.png,,2026-01-01T04:20:03.191Z
mayrand,onsale,"Nappe carrée Julia charcoal 70""x70""",Arco,33820,12.74,14.99,unité (1un),,https://mayrand.ca/fr/nos-produits/article-de-cuisine/serviette-et-nappe/nappe/nappe-carree-julia-charcoal-70x70-33820,https://341647818.fs1.hubspotusercontent-na3.net/hubfs/341647818/raw_assets/public/MAYRAND-P3-CHILD-THEME/images/icons-modules/placeHolderProduct.png,,2026-01-01T04:20:03.191Z
mayrand,onsale,Chocolat Ferrero Collection noisette,Ferrero,33924,10.49,12.99,unité (1x156g),,https://mayrand.ca/fr/nos-produits/epicerie/confiserie/chocolat/chocolat-ferrero-collection-noisette-33924,https://341647818.fs1.hubspotusercontent-na3.net/hubfs/341647818/raw_assets/public/MAYRAND-P3-CHILD-THEME/images/icons-modules/placeHolderProduct.png,,2026-01-01T04:20:03.191Z
mayrand,onsale,Panettone aux pépites de chocolat,Valentino,34003,16.49,21.99,unité (1x1kg),,https://mayrand.ca/fr/nos-produits/epicerie/panettone/panettone-pepites-de-chocolat-valentino-34003,https://341647818.fs1.hubspotusercontent-na3.net/hubfs/341647818/CatalogProductImages/fr/34003/image-1.jpg,,2026-01-01T04:20:03.191Z
mayrand,onsale,"Nappe marine Julia 60""x84""",Arco,34030,11.89,13.99,unité (1un),,https://mayrand.ca/fr/nos-produits/article-de-cuisine/serviette-et-nappe/nappe/nappe-marine-julia-60x84-34030,https://341647818.fs1.hubspotusercontent-na3.net/hubfs/341647818/raw_assets/public/MAYRAND-P3-CHILD-THEME/images/icons-modules/placeHolderProduct.png,,2026-01-01T04:20:03.191Z
mayrand,onsale,"Nappe marine Julia 60""x104""",Arco,34032,14.44,16.99,unité (1un),,https://mayrand.ca/fr/nos-produits/article-de-cuisine/serviette-et-nappe/nappe/nappe-marine-julia-60x104-34032,https://341647818.fs1.hubspotusercontent-na3.net/hubfs/341647818/raw_assets/public/MAYRAND-P3-CHILD-THEME/images/icons-modules/placeHolderProduct.png,,2026-01-01T04:20:03.191Z
mayrand,onsale,"Nappe marine Julia 60""x120""",Arco,34033,16.99,19.99,unité (1un),,https://mayrand.ca/fr/nos-produits/article-de-cuisine/serviette-et-nappe/nappe/nappe-marine-julia-60x120-34033,https://341647818.fs1.hubspotusercontent-na3.net/hubfs/341647818/raw_assets/public/MAYRAND-P3-CHILD-THEME/images/icons-modules/placeHolderProduct.png,,2026-01-01T04:20:03.191Z
mayrand,onsale,"Nappe marine ronde Julia 70""",Arco,34041,11.89,13.99,unité (1un),,https://mayrand.ca/fr/nos-produits/article-de-cuisine/serviette-et-nappe/nappe/nappe-marine-ronde-julia-70-34041,https://341647818.fs1.hubspotusercontent-na3.net/hubfs/341647818/raw_assets/public/MAYRAND-P3-CHILD-THEME/images/icons-modules/placeHolderProduct.png,,2026-01-01T04:20:03.191Z
mayrand,onsale,"Nappe marine Julia 52""x70""",Arco,34044,10.19,11.99,unité (1un),,https://mayrand.ca/fr/nos-produits/article-de-cuisine/serviette-et-nappe/nappe/nappe-marine-julia-52x70-34044,https://341647818.fs1.hubspotusercontent-na3.net/hubfs/341647818/raw_assets/public/MAYRAND-P3-CHILD-THEME/images/icons-modules/placeHolderProduct.png,,2026-01-01T04:20:03.191Z
mayrand,onsale,"Nappe jaune Julia 60""x104""",Arco,34046,14.44,16.99,unité (1un),,https://mayrand.ca/fr/nos-produits/article-de-cuisine/serviette-et-nappe/nappe/nappe-jaune-julia-60x104-34046,https://341647818.fs1.hubspotusercontent-na3.net/hubfs/341647818/raw_assets/public/MAYRAND-P3-CHILD-THEME/images/icons-modules/placeHolderProduct.png,,2026-01-01T04:20:03.191Z
mayrand,onsale,"Nappe jaune Julia 60""x84""",Arco,34047,11.89,13.99,unité (1un),,https://mayrand.ca/fr/nos-produits/article-de-cuisine/serviette-et-nappe/nappe/nappe-jaune-julia-60x84-34047,https://341647818.fs1.hubspotusercontent-na3.net/hubfs/341647818/raw_assets/public/MAYRAND-P3-CHILD-THEME/images/icons-modules/placeHolderProduct.png,,2026-01-01T04:20:03.191Z
mayrand,onsale,"Nappe jaune Julia 52""x70""",Arco,34048,10.19,11.99,unité (1un),,https://mayrand.ca/fr/nos-produits/article-de-cuisine/serviette-et-nappe/nappe/nappe-jaune-julia-52x70-34048,https://341647818.fs1.hubspotusercontent-na3.net/hubfs/341647818/raw_assets/public/MAYRAND-P3-CHILD-THEME/images/icons-modules/placeHolderProduct.png,,2026-01-01T04:20:03.191Z
mayrand,onsale,Pattes d'ours saveur mélasse 480 g,Dare,34884,7.99,9.49,unité (1x480g),,https://mayrand.ca/fr/nos-produits/epicerie/biscuit-et-craquelin/biscuit-et-gateau/biscuits-pattes-dours-a-la-melasse-dare-34884,https://341647818.fs1.hubspotusercontent-na3.net/hubfs/341647818/CatalogProductImages/%C3%89picerie/34884%20Pattes%20dours%20saveur%20m%C3%A9lasse%20480%20g%20%20Dare.png,,2026-01-01T04:20:03.191Z
mayrand,onsale,Jambon fumé toupie,Mayrand CHEF,35210,8.99,26.97,unité (3 3x ±8kg),,https://mayrand.ca/fr/nos-produits/charcuterie/jambon/jambon-fume-toupie-mayrand-chef-35210,https://341647818.fs1.hubspotusercontent-na3.net/hubfs/341647818/CatalogProductImages/fr/35210/image-1.png,,2026-01-01T04:20:03.191Z
mayrand,onsale,Cretons 1 kg,Mayrand CHEF,35232,8.99,10.99,unité (1kg),,https://mayrand.ca/fr/nos-produits/charcuterie/charcuterie-traiteur/cretons-mayrand-chef-35232,https://341647818.fs1.hubspotusercontent-na3.net/hubfs/341647818/CatalogProductImages/fr/35232/image-1.jpg,,2026-01-01T04:20:03.191Z
mayrand,onsale,Croissant au beurre prêt-à-cuire surgelé,Bridor,35879,10.29,12.29,unité (10x78g),,https://mayrand.ca/fr/nos-produits/surgele/boulangerie-surgelee/viennoiserie-surgelee/croissant-au-beurre-pret-a-cuire-surgele-bridor-35879,https://341647818.fs1.hubspotusercontent-na3.net/hubfs/341647818/CatalogProductImages/fr/35879/image-1.jpg,,2026-01-01T04:20:03.191Z
mayrand,onsale,Couvercle plat sans-trou 9 oz / 266 ml,Polar Pak,35972,7,20.49,unité (100un),,https://mayrand.ca/fr/nos-produits/emballage/contenant-jetable/contenant-plastique/couvercle-plat-sans-trou-9oz-polar-pak-35972,https://341647818.fs1.hubspotusercontent-na3.net/hubfs/341647818/CatalogProductImages/fr/35972/image-1.jpg,,2026-01-01T04:20:03.191Z
mayrand,onsale,"Tortellini à la viande surgelés 2,5 kg",Vespucci,36123,16.99,21.99,unité (2.5kg),,https://mayrand.ca/fr/nos-produits/surgele/pates-surgelees/pates-garnies-surgelees/tortellini-a-la-viande-congele-vespucci-36123,https://341647818.fs1.hubspotusercontent-na3.net/hubfs/341647818/CatalogProductImages/fr/36123/image-1.jpg,,2026-01-01T04:20:03.192Z
mayrand,onsale,"Ravioli à la viande surgelés 2,5 kg",Vespucci,36124,16.99,21.99,unité (2.5kg),,https://mayrand.ca/fr/nos-produits/surgele/pates-surgelees/pates-garnies-surgelees/ravioli-a-la-viande-congele-vespucci-36124,https://341647818.fs1.hubspotusercontent-na3.net/hubfs/341647818/CatalogProductImages/fr/36124/image-1.jpg,,2026-01-01T04:20:03.192Z
mayrand,onsale,"Ravioli au fromage surgelés 2,5 kg",Vespucci,36125,16.99,21.99,unité (2.5kg),,https://mayrand.ca/fr/nos-produits/surgele/pates-surgelees/pates-garnies-surgelees/ravioli-au-fromage-congele-vespucci-36125,https://341647818.fs1.hubspotusercontent-na3.net/hubfs/341647818/CatalogProductImages/fr/36125/image-1.jpg,,2026-01-01T04:20:03.192Z
mayrand,onsale,"Tortellini au fromage surgelés 2,5 kg",Vespucci,36126,16.99,21.99,unité (2.5kg),,https://mayrand.ca/fr/nos-produits/surgele/pates-surgelees/pates-garnies-surgelees/tortellini-au-fromage-congele-vespucci-36126,https://341647818.fs1.hubspotusercontent-na3.net/hubfs/341647818/CatalogProductImages/fr/36126/image-1.jpg,,2026-01-01T04:20:03.192Z
mayrand,onsale,Verre shooter plastique 1 on x100,Party Couture,36457,2.95,3.69,unité (1x100un),,https://mayrand.ca/fr/nos-produits/emballage/vaisselle-jetable/verre-jetable/verres-a-shooters-1-oz-party-couture-36457,https://341647818.fs1.hubspotusercontent-na3.net/hubfs/341647818/CatalogProductImages/fr/36457/image-1.jpg,,2026-01-01T04:20:10.389Z
mayrand,onsale,Panettone au raisin pomme cannelle,Valentino,39354,16.49,21.99,unité (1x1kg),,https://mayrand.ca/fr/nos-produits/epicerie/panettone/panettone-au-raisin-pomme-cannelle-39354,https://341647818.fs1.hubspotusercontent-na3.net/hubfs/341647818/raw_assets/public/MAYRAND-P3-CHILD-THEME/images/icons-modules/placeHolderProduct.png,,2026-01-01T04:20:10.389Z
mayrand,onsale,Panettone aux agrumes boîte,Valentino,39389,13.49,17.49,unité (1x750g),,https://mayrand.ca/fr/nos-produits/epicerie/panettone/panettone-aux-agrumes-boite-39389,https://341647818.fs1.hubspotusercontent-na3.net/hubfs/341647818/raw_assets/public/MAYRAND-P3-CHILD-THEME/images/icons-modules/placeHolderProduct.png,,2026-01-01T04:20:10.389Z
mayrand,onsale,40011,,40011,19.99,22.99,caisse (22.68kg),,https://mayrand.ca/fr/nos-produits/fruits-et-legumes/legumes/pomme-de-terre/patate-chef-rouge-40011,https://341647818.fs1.hubspotusercontent-na3.net/hubfs/341647818/CatalogProductImages/fr/40011/image-1.jpg,,2026-01-01T04:20:10.389Z
mayrand,onsale,Jambon fumé forêt noire extra-maigre,Roch,40037,10.99,38.47,unité (3.5 2x±3.5kg),,https://mayrand.ca/fr/nos-produits/charcuterie/jambon/jambon-fume-foret-noire-extra-maigre-roch-40037,https://341647818.fs1.hubspotusercontent-na3.net/hubfs/341647818/CatalogProductImages/fr/40037/image-1.jpg,,2026-01-01T04:20:10.389Z
mayrand,onsale,40092,,40092,3.99,5.49,unité (680G),,https://mayrand.ca/fr/nos-produits/fruits-et-legumes/legumes/champignon/champignon-blanc-entier-2-40092,https://341647818.fs1.hubspotusercontent-na3.net/hubfs/341647818/CatalogProductImages/fr/40092/image-1.jpg,,2026-01-01T04:20:10.389Z
mayrand,onsale,Panettone au beurre et fruits confits,Valentino,40348,13.99,17.99,unité (1x1kg),,https://mayrand.ca/fr/nos-produits/epicerie/panettone/panettone-au-beurre-et-fruits-confits-valentino-40348,https://341647818.fs1.hubspotusercontent-na3.net/hubfs/341647818/CatalogProductImages/fr/40348/image-1.jpg,,2026-01-01T04:20:10.389Z
mayrand,onsale,"Bonbon Halloween assortis 1,84 kg",Querico,40461,6.99,9.99,unité (1x1.84kg),,https://mayrand.ca/fr/nos-produits/epicerie/confiserie/bonbon/bonbon-halloween-assortis-40461,https://341647818.fs1.hubspotusercontent-na3.net/hubfs/341647818/CatalogProductImages/%C3%89picerie/40461%20M%C3%A9lange%20de%20bonbons%20Halloween%20Querico.png,,2026-01-01T04:20:10.389Z
mayrand,onsale,40917,,40917,3.99,7.99,unité (3un),,https://mayrand.ca/fr/nos-produits/fruits-et-legumes/legumes/laitue/laitue-romaine-coeur-40917,https://341647818.fs1.hubspotusercontent-na3.net/hubfs/341647818/CatalogProductImages/fr/40917/image-1.jpg,,2026-01-01T04:20:10.389Z
mayrand,onsale,Biscuits tendre fraises 280 g,Dare,46020,2.99,4.99,unité (280g),,https://mayrand.ca/fr/nos-produits/epicerie/biscuit-et-craquelin/biscuit-et-gateau/biscuits-maxi-fruits-aux-fraises-dare-46020,https://341647818.fs1.hubspotusercontent-na3.net/hubfs/341647818/CatalogProductImages/fr/46020/image-1.jpg,,2026-01-01T04:20:10.389Z
mayrand,onsale,Sauce à salade régulière,Kraft,48133,0.89,2.99,unité (1x475ml),,https://mayrand.ca/fr/nos-produits/epicerie/condiment/mayonnaise/sauce-a-salade-reguliere-48133,https://341647818.fs1.hubspotusercontent-na3.net/hubfs/341647818/raw_assets/public/MAYRAND-P3-CHILD-THEME/images/icons-modules/placeHolderProduct.png,,2026-01-01T04:20:10.389Z
mayrand,onsale,Panettone traditionnel boîte,De Conti,48774,6.99,9.29,unité (1x908g),,https://mayrand.ca/fr/nos-produits/epicerie/panettone/panettone-traditionnel-boite-48774,https://341647818.fs1.hubspotusercontent-na3.net/hubfs/341647818/raw_assets/public/MAYRAND-P3-CHILD-THEME/images/icons-modules/placeHolderProduct.png,,2026-01-01T04:20:10.389Z
mayrand,onsale,50005,,50005,18.99,21.99,caisse (22.68kg),,https://mayrand.ca/fr/nos-produits/fruits-et-legumes/legumes/oignon/oignon-colossal-50005,https://341647818.fs1.hubspotusercontent-na3.net/hubfs/341647818/CatalogProductImages/fr/50005/image-1.jpg,,2026-01-01T04:20:10.389Z
mayrand,onsale,Poitrine de poulet désossée sans antiobiotiques,VDC,50351,17.99,32.38,unité (1.8 1x±24kg),,https://mayrand.ca/fr/nos-produits/boucherie/volaille/poulet-grain-poitrine-desossee-vdc-vdc-50351,https://341647818.fs1.hubspotusercontent-na3.net/hubfs/341647818/CatalogProductImages/fr/50351/image-1.jpg,,2026-01-01T04:20:10.389Z
mayrand,onsale,50566,,50566,34.14,58.59,unité (1 kg),,https://mayrand.ca/fr/nos-produits/boucherie/boeuf/boeuf-bifteck-de-cote-aa-coupe-cowboy-50566,https://341647818.fs1.hubspotusercontent-na3.net/hubfs/341647818/BOUCHERIE/50566%20Beef%20rib%20Steak%20AA%20Cowboy.png,,2026-01-01T04:20:10.389Z
mayrand,onsale,50770,,50770,7.92,10.43,unité (0.9 kg),,https://mayrand.ca/fr/nos-produits/boucherie/porc/porc-lanieres-de-surlonge-50770,https://341647818.fs1.hubspotusercontent-na3.net/hubfs/341647818/CatalogProductImages/fr/50770/image-1.jpg,,2026-01-01T04:20:10.389Z
mayrand,onsale,51115,,51115,7.71,11.14,unité (0.5 kg),,https://mayrand.ca/fr/nos-produits/boucherie/boeuf/boeuf-lanieres-51115,https://341647818.fs1.hubspotusercontent-na3.net/hubfs/341647818/CatalogProductImages/fr/51115/image-1.jpg,,2026-01-01T04:20:10.389Z
mayrand,onsale,51552,,51552,46.26,82.78,unité (1.5 kg),,https://mayrand.ca/fr/nos-produits/boucherie/boeuf/boeuf-roti-de-cote-a-51552,https://341647818.fs1.hubspotusercontent-na3.net/hubfs/341647818/CatalogProductImages/fr/51552/image-1.jpg,,2026-01-01T04:20:10.389Z
mayrand,onsale,52124,,52124,237.92,426.32,unité (8 3 x ±8.5kg),,https://mayrand.ca/fr/nos-produits/boucherie/boeuf/boeuf-cote-rts-a-52124,https://341647818.fs1.hubspotusercontent-na3.net/hubfs/341647818/CatalogProductImages/fr/52124/image-1.jpg,,2026-01-01T04:20:10.389Z
mayrand,onsale,52998,,52998,6.06,7.87,unité (0.25 4.54kg),,https://mayrand.ca/fr/nos-produits/poissonnerie/truite/truite-arc-en-ciel-filet-fr-52998,https://341647818.fs1.hubspotusercontent-na3.net/hubfs/341647818/CatalogProductImages/fr/52998/image-1.jpg,,2026-01-01T04:20:10.389Z
mayrand,onsale,53144,,53144,25.99,36.99,unité (1x24un),,https://mayrand.ca/fr/nos-produits/poissonnerie/huitre/huitre-beausoleil-53144,https://341647818.fs1.hubspotusercontent-na3.net/hubfs/341647818/CatalogProductImages/fr/53144/image-1.jpg,,2026-01-01T04:20:10.389Z
mayrand,onsale,Jambon avec os découenné sous-vide,Roch,53256,10.56,10.99,unité (1 2x ±10KG),,https://mayrand.ca/fr/nos-produits/boucherie/porc/jambon-avec-os-decouenne-quart-53256,https://341647818.fs1.hubspotusercontent-na3.net/hubfs/341647818/raw_assets/public/MAYRAND-P3-CHILD-THEME/images/icons-modules/placeHolderProduct.png,,2026-01-01T04:20:10.389Z
mayrand,onsale,53293,,53293,22.47,38.07,unité (0.68 kg),,https://mayrand.ca/fr/nos-produits/boucherie/boeuf/boeuf-bifteck-de-cote-a-53293,https://341647818.fs1.hubspotusercontent-na3.net/hubfs/341647818/CatalogProductImages/fr/53293/image-1.jpg,,2026-01-01T04:20:10.389Z
mayrand,onsale,54964,,54964,21.8,30.99,unité (1 kg),,https://mayrand.ca/fr/nos-produits/poissonnerie/saumon/saumon-coho-filet-frais-54964,https://341647818.fs1.hubspotusercontent-na3.net/hubfs/341647818/CatalogProductImages/fr/54964/image-1.jpg,,2026-01-01T04:20:10.389Z
mayrand,onsale,56623,,56623,6.92,11.15,unité (0.9 kg),,https://mayrand.ca/fr/nos-produits/boucherie/porc/porc-filet-x2-olymel-cov-fr-olymel-56623,https://341647818.fs1.hubspotusercontent-na3.net/hubfs/341647818/CatalogProductImages/fr/56623/image-1.jpg,,2026-01-01T04:20:10.389Z
mayrand,onsale,60013,,60013,9.99,11.99,caisse (1x1.1kg),,https://mayrand.ca/fr/nos-produits/fruits-et-legumes/fruits/fruits-exotiques/kaki-vanille-60013,https://341647818.fs1.hubspotusercontent-na3.net/hubfs/341647818/CatalogProductImages/fr/60013/image-1.png,,2026-01-01T04:20:10.389Z
mayrand,onsale,Biscuits pattes d'ours gâteau anniversaire 336 g,Dare,67570,7.99,9.49,unité (1x336g),,https://mayrand.ca/fr/nos-produits/epicerie/biscuit-et-craquelin/biscuit-et-gateau/biscuits-pattes-dours-gateau-anniversaire-67570,https://341647818.fs1.hubspotusercontent-na3.net/hubfs/341647818/CatalogProductImages/%C3%89picerie/67570%20Biscuits%20pattes%20dours%20g%C3%A2teau%20anniversaire%20Dare.png,,2026-01-01T04:20:10.389Z
mayrand,onsale,"Mayonnaise 1,8 L",Mayrand CHEF,67694,7.99,8.99,unité (1.8L),,https://mayrand.ca/fr/nos-produits/epicerie/condiment/mayonnaise/mayonnaise-mayrand-chef-67694,https://341647818.fs1.hubspotusercontent-na3.net/hubfs/341647818/CatalogProductImages/fr/67694/image-1.png,,2026-01-01T04:20:10.389Z
mayrand,onsale,"Mayonnaise 3,78 L",Mayrand CHEF,67695,18.99,21.99,unité (3.78L),,https://mayrand.ca/fr/nos-produits/epicerie/condiment/mayonnaise/mayonnaise-mayrand-chef-67695,https://341647818.fs1.hubspotusercontent-na3.net/hubfs/341647818/CatalogProductImages/fr/67695/image-1.png,,2026-01-01T04:20:10.389Z
